Entity,Code,Day,"COVID-19 doses (daily, 7-day average)"
Poland,POL,2020-12-29,4300
Poland,POL,2020-12-30,17150
Poland,POL,2020-12-31,15200
Poland,POL,2021-01-01,11748.875
Poland,POL,2021-01-02,9678.2
Poland,POL,2021-01-03,8138.8335
Poland,POL,2021-01-04,12888.571
Poland,POL,2021-01-05,19132.285
Poland,POL,2021-01-06,17722.715
Poland,POL,2021-01-07,20193.715
Poland,POL,2021-01-08,21398.785
Poland,POL,2021-01-09,21375.857
Poland,POL,2021-01-10,21745.715
Poland,POL,2021-01-11,23659.143
Poland,POL,2021-01-12,24199.143
Poland,POL,2021-01-13,29836.143
Poland,POL,2021-01-14,31646.285
Poland,POL,2021-01-15,34025.145
Poland,POL,2021-01-16,36754.43
Poland,POL,2021-01-17,38059
Poland,POL,2021-01-18,33904.285
Poland,POL,2021-01-19,33087
Poland,POL,2021-01-20,31796.143
Poland,POL,2021-01-21,33502.715
Poland,POL,2021-01-22,35330.57
Poland,POL,2021-01-23,34837.285
Poland,POL,2021-01-24,34001.145
Poland,POL,2021-01-25,40260.43
Poland,POL,2021-01-26,52032.57
Poland,POL,2021-01-27,59495.43
Poland,POL,2021-01-28,64576.715
Poland,POL,2021-01-29,65257.715
Poland,POL,2021-01-30,65109.57
Poland,POL,2021-01-31,67061.43
Poland,POL,2021-02-01,64961.285
Poland,POL,2021-02-02,62425.43
Poland,POL,2021-02-03,64760.715
Poland,POL,2021-02-04,67081.14
Poland,POL,2021-02-05,68097.57
Poland,POL,2021-02-06,69175.29
Poland,POL,2021-02-07,68543.43
Poland,POL,2021-02-08,69070.79
Poland,POL,2021-02-09,61611.43
Poland,POL,2021-02-10,60307
Poland,POL,2021-02-11,61019.285
Poland,POL,2021-02-12,64749.285
Poland,POL,2021-02-13,66561.57
Poland,POL,2021-02-14,66505.29
Poland,POL,2021-02-15,63419.215
Poland,POL,2021-02-16,65200.285
Poland,POL,2021-02-17,71581
Poland,POL,2021-02-18,80465.71
Poland,POL,2021-02-19,84252.43
Poland,POL,2021-02-20,84389.43
Poland,POL,2021-02-21,84702
Poland,POL,2021-02-22,85755.71
Poland,POL,2021-02-23,92134.64
Poland,POL,2021-02-24,86555.57
Poland,POL,2021-02-25,81892.64
Poland,POL,2021-02-26,87005.14
Poland,POL,2021-02-27,86466.86
Poland,POL,2021-02-28,88742.14
Poland,POL,2021-03-01,89141.43
Poland,POL,2021-03-02,89473.07
Poland,POL,2021-03-03,89804.71
Poland,POL,2021-03-04,94475.64
Poland,POL,2021-03-05,85932.64
Poland,POL,2021-03-06,92574.43
Poland,POL,2021-03-07,91652.14
Poland,POL,2021-03-08,88758.29
Poland,POL,2021-03-09,83641.71
Poland,POL,2021-03-10,88534.79
Poland,POL,2021-03-11,85668.43
Poland,POL,2021-03-12,87990.36
Poland,POL,2021-03-13,80919
Poland,POL,2021-03-14,78980.57
Poland,POL,2021-03-15,78903.71
Poland,POL,2021-03-16,74152.29
Poland,POL,2021-03-17,71406.07
Poland,POL,2021-03-18,71723.43
Poland,POL,2021-03-19,70888.71
Poland,POL,2021-03-20,70947.14
Poland,POL,2021-03-21,70771.29
Poland,POL,2021-03-22,74409.71
Poland,POL,2021-03-23,83986.57
Poland,POL,2021-03-24,91832
Poland,POL,2021-03-25,96474.07
Poland,POL,2021-03-26,110293.86
Poland,POL,2021-03-27,114985.57
Poland,POL,2021-03-28,122342.71
Poland,POL,2021-03-29,129182.07
Poland,POL,2021-03-30,126855.57
Poland,POL,2021-03-31,127035.71
Poland,POL,2021-04-01,127732.93
Poland,POL,2021-04-02,122752.57
Poland,POL,2021-04-03,116828.29
Poland,POL,2021-04-04,110904
Poland,POL,2021-04-05,97597.36
Poland,POL,2021-04-06,107242
Poland,POL,2021-04-07,104096.57
Poland,POL,2021-04-08,114379.57
Poland,POL,2021-04-09,119218
Poland,POL,2021-04-10,142628.58
Poland,POL,2021-04-11,146958.28
Poland,POL,2021-04-12,159857.14
Poland,POL,2021-04-13,162520.86
Poland,POL,2021-04-14,175405.36
Poland,POL,2021-04-15,174484.14
Poland,POL,2021-04-16,166557.28
Poland,POL,2021-04-17,158630.42
Poland,POL,2021-04-18,169784.42
Poland,POL,2021-04-19,174593.58
Poland,POL,2021-04-20,177179.28
Poland,POL,2021-04-21,181118.22
Poland,POL,2021-04-22,188878.72
Poland,POL,2021-04-23,207780.58
Poland,POL,2021-04-24,208737.36
Poland,POL,2021-04-25,209694.14
Poland,POL,2021-04-26,219361.28
Poland,POL,2021-04-27,218535.72
Poland,POL,2021-04-28,226578.86
Poland,POL,2021-04-29,237690.58
Poland,POL,2021-04-30,229174.28
Poland,POL,2021-05-01,238603.08
Poland,POL,2021-05-02,227493.72
Poland,POL,2021-05-03,207674
Poland,POL,2021-05-04,223591.08
Poland,POL,2021-05-05,219065.42
Poland,POL,2021-05-06,223364
Poland,POL,2021-05-07,247933.28
Poland,POL,2021-05-08,256211.58
Poland,POL,2021-05-09,261116.42
Poland,POL,2021-05-10,280263
Poland,POL,2021-05-11,281283.5
Poland,POL,2021-05-12,299243.44
Poland,POL,2021-05-13,301489
Poland,POL,2021-05-14,299935.72
Poland,POL,2021-05-15,300784.16
Poland,POL,2021-05-16,302175.56
Poland,POL,2021-05-17,297988.56
Poland,POL,2021-05-18,299735
Poland,POL,2021-05-19,300591.16
Poland,POL,2021-05-20,301447.28
Poland,POL,2021-05-21,301617.84
Poland,POL,2021-05-22,298650.84
Poland,POL,2021-05-23,294520.72
Poland,POL,2021-05-24,291752
Poland,POL,2021-05-25,288195.84
Poland,POL,2021-05-26,281653
Poland,POL,2021-05-27,274324.16
Poland,POL,2021-05-28,272099.16
Poland,POL,2021-05-29,277338.44
Poland,POL,2021-05-30,281134.28
Poland,POL,2021-05-31,285544
Poland,POL,2021-06-01,306605
Poland,POL,2021-06-02,341329.44
Poland,POL,2021-06-03,307403.56
Poland,POL,2021-06-04,318415.16
Poland,POL,2021-06-05,316845.16
Poland,POL,2021-06-06,317901.44
Poland,POL,2021-06-07,322286.44
Poland,POL,2021-06-08,314435.16
Poland,POL,2021-06-09,295085.16
Poland,POL,2021-06-10,328779.16
Poland,POL,2021-06-11,327412.56
Poland,POL,2021-06-12,333558.56
Poland,POL,2021-06-13,333705.56
Poland,POL,2021-06-14,335286.44
Poland,POL,2021-06-15,335459.84
Poland,POL,2021-06-16,320406.16
Poland,POL,2021-06-17,322288.28
Poland,POL,2021-06-18,308718.28
Poland,POL,2021-06-19,294526.84
Poland,POL,2021-06-20,289180.16
Poland,POL,2021-06-21,282557
Poland,POL,2021-06-22,284723.56
Poland,POL,2021-06-23,283552.56
Poland,POL,2021-06-24,248206
Poland,POL,2021-06-25,254493.72
Poland,POL,2021-06-26,276034.44
Poland,POL,2021-06-27,278973.84
Poland,POL,2021-06-28,276541.72
Poland,POL,2021-06-29,258625.86
Poland,POL,2021-06-30,253480.14
Poland,POL,2021-07-01,274589
Poland,POL,2021-07-02,257590.72
Poland,POL,2021-07-03,230161.58
Poland,POL,2021-07-04,225252.86
Poland,POL,2021-07-05,221041.42
Poland,POL,2021-07-06,215588.42
Poland,POL,2021-07-07,213879
Poland,POL,2021-07-08,208639.58
Poland,POL,2021-07-09,209543.42
Poland,POL,2021-07-10,204431.78
Poland,POL,2021-07-11,215904.14
Poland,POL,2021-07-12,214985
Poland,POL,2021-07-13,209382
Poland,POL,2021-07-14,202783.58
Poland,POL,2021-07-15,201241.28
Poland,POL,2021-07-16,191793.14
Poland,POL,2021-07-17,198791.36
Poland,POL,2021-07-18,188632.78
Poland,POL,2021-07-19,181415.28
Poland,POL,2021-07-20,174306.72
Poland,POL,2021-07-21,160299.14
Poland,POL,2021-07-22,152695.42
Poland,POL,2021-07-23,148677
Poland,POL,2021-07-24,131062.93
Poland,POL,2021-07-25,130605.64
Poland,POL,2021-07-26,131504.14
Poland,POL,2021-07-27,123128.14
Poland,POL,2021-07-28,116514.57
Poland,POL,2021-07-29,105610.14
Poland,POL,2021-07-30,98959.86
Poland,POL,2021-07-31,103444.64
Poland,POL,2021-08-01,99084.14
Poland,POL,2021-08-02,96828.43
Poland,POL,2021-08-03,93159.29
Poland,POL,2021-08-04,86501.43
Poland,POL,2021-08-05,83600
Poland,POL,2021-08-06,80341.71
Poland,POL,2021-08-07,79544
Poland,POL,2021-08-08,79271.57
Poland,POL,2021-08-09,75538.57
Poland,POL,2021-08-10,73774.86
Poland,POL,2021-08-11,69672
Poland,POL,2021-08-12,67810
Poland,POL,2021-08-13,64116.855
Poland,POL,2021-08-14,60423.715
Poland,POL,2021-08-15,58905.285
Poland,POL,2021-08-16,60568.43
Poland,POL,2021-08-17,59263.715
Poland,POL,2021-08-18,61639.285
Poland,POL,2021-08-19,58530.285
Poland,POL,2021-08-20,59709.43
Poland,POL,2021-08-21,56528.145
Poland,POL,2021-08-22,56229.285
Poland,POL,2021-08-23,56614.855
Poland,POL,2021-08-24,55433.145
Poland,POL,2021-08-25,52000.355
Poland,POL,2021-08-26,51793.145
Poland,POL,2021-08-27,51950.715
Poland,POL,2021-08-28,52279.57
Poland,POL,2021-08-29,52832.285
Poland,POL,2021-08-30,51653.855
Poland,POL,2021-08-31,52801
Poland,POL,2021-09-01,50047.5
Poland,POL,2021-09-02,48286
Poland,POL,2021-09-03,46418.715
Poland,POL,2021-09-04,44808.57
Poland,POL,2021-09-05,43640.855
Poland,POL,2021-09-06,41869.715
Poland,POL,2021-09-07,39291.43
Poland,POL,2021-09-08,38475.715
Poland,POL,2021-09-09,37989.43
Poland,POL,2021-09-10,36839.57
Poland,POL,2021-09-11,36006.145
Poland,POL,2021-09-12,35650.57
Poland,POL,2021-09-13,35845.285
Poland,POL,2021-09-14,34521.57
Poland,POL,2021-09-15,33755.57
Poland,POL,2021-09-16,31613.428
Poland,POL,2021-09-17,30311.857
Poland,POL,2021-09-18,28916.928
Poland,POL,2021-09-19,29640.715
Poland,POL,2021-09-20,28758.857
Poland,POL,2021-09-21,29106.143
Poland,POL,2021-09-22,33129.43
Poland,POL,2021-09-23,32279.572
Poland,POL,2021-09-24,31817.715
Poland,POL,2021-09-25,29643.785
Poland,POL,2021-09-26,27985.428
Poland,POL,2021-09-27,25851
Poland,POL,2021-09-28,25586
Poland,POL,2021-09-29,19979.715
Poland,POL,2021-09-30,22958
Poland,POL,2021-10-01,24707.715
Poland,POL,2021-10-02,26328.143
Poland,POL,2021-10-03,32111.572
Poland,POL,2021-10-04,72516.71
Poland,POL,2021-10-05,75321.04
Poland,POL,2021-10-06,78225.5
Poland,POL,2021-10-07,77473.25
Poland,POL,2021-10-08,76721
Poland,POL,2021-10-09,81519.04
Poland,POL,2021-10-10,81638.5
Poland,POL,2021-10-11,47136.25
Poland,POL,2021-10-12,47136.25
Poland,POL,2021-10-13,41580.645
Poland,POL,2021-10-14,49170.25
Poland,POL,2021-10-15,56759.855
Poland,POL,2021-10-16,54141.535
Poland,POL,2021-10-17,48201.645
Poland,POL,2021-10-18,47676.605
Poland,POL,2021-10-19,47151.57
Poland,POL,2021-10-20,55463
Poland,POL,2021-10-21,51281.07
Poland,POL,2021-10-22,44889.355
Poland,POL,2021-10-23,48705.57
Poland,POL,2021-10-24,49003.855
Poland,POL,2021-10-25,48772.285
Poland,POL,2021-10-26,61254
Poland,POL,2021-10-27,62464.93
Poland,POL,2021-10-28,63024
Poland,POL,2021-10-29,66418.36
Poland,POL,2021-10-30,60893.785
Poland,POL,2021-10-31,62208.715
Poland,POL,2021-11-01,56554.57
Poland,POL,2021-11-02,45532.285
Poland,POL,2021-11-03,47140.07
Poland,POL,2021-11-04,49637.43
Poland,POL,2021-11-05,53946.145
Poland,POL,2021-11-06,58809.07
Poland,POL,2021-11-07,57765.855
Poland,POL,2021-11-08,65963.86
Poland,POL,2021-11-09,71726
Poland,POL,2021-11-10,69048
Poland,POL,2021-11-11,65480.43
Poland,POL,2021-11-12,63591.285
Poland,POL,2021-11-13,59982.215
Poland,POL,2021-11-14,62279.285
Poland,POL,2021-11-15,63169.43
Poland,POL,2021-11-16,64677.715
Poland,POL,2021-11-17,73256.14
Poland,POL,2021-11-18,82333.43
Poland,POL,2021-11-19,90381
Poland,POL,2021-11-20,98891.79
Poland,POL,2021-11-21,97485.14
Poland,POL,2021-11-22,102203.43
Poland,POL,2021-11-23,107421.29
Poland,POL,2021-11-24,114598.86
Poland,POL,2021-11-25,121277.57
Poland,POL,2021-11-26,124719.43
Poland,POL,2021-11-27,137782.72
Poland,POL,2021-11-28,140047.28
Poland,POL,2021-11-29,141256.14
Poland,POL,2021-11-30,146648.42
Poland,POL,2021-12-01,146810.86
Poland,POL,2021-12-02,149095.28
Poland,POL,2021-12-03,161245.28
Poland,POL,2021-12-04,162356.28
Poland,POL,2021-12-05,163843.42
Poland,POL,2021-12-06,197067.72
Poland,POL,2021-12-07,205064.14
Poland,POL,2021-12-08,213060.58
Poland,POL,2021-12-09,220462.14
Poland,POL,2021-12-10,218149.42
Poland,POL,2021-12-11,218164
Poland,POL,2021-12-12,217753.28
Poland,POL,2021-12-13,192779.86
Poland,POL,2021-12-14,189570.58
Poland,POL,2021-12-15,189127.72
Poland,POL,2021-12-16,187335.86
Poland,POL,2021-12-17,188414.42
Poland,POL,2021-12-18,187315.42
Poland,POL,2021-12-19,187580.58
Poland,POL,2021-12-20,188667
Poland,POL,2021-12-21,180283.42
Poland,POL,2021-12-22,172281.58
Poland,POL,2021-12-23,152181.42
Poland,POL,2021-12-24,117360.29
Poland,POL,2021-12-25,92276.43
Poland,POL,2021-12-26,86535.71
Poland,POL,2021-12-27,89824.43
Poland,POL,2021-12-28,95836.43
Poland,POL,2021-12-29,100222.36
Poland,POL,2021-12-30,116528.43
Poland,POL,2021-12-31,118781.57
Poland,POL,2022-01-01,118902
Poland,POL,2022-01-02,121077.57
Poland,POL,2022-01-03,116273
Poland,POL,2022-01-04,128386.43
Poland,POL,2022-01-05,140663.92
Poland,POL,2022-01-06,116098.43
Poland,POL,2022-01-07,145061.14
Poland,POL,2022-01-08,170043.42
Poland,POL,2022-01-09,172876.72
Poland,POL,2022-01-10,175221.28
Poland,POL,2022-01-11,170789.28
Poland,POL,2022-01-12,164694.86
Poland,POL,2022-01-13,191429.86
Poland,POL,2022-01-14,194305.14
Poland,POL,2022-01-15,183011.58
Poland,POL,2022-01-16,191869.86
Poland,POL,2022-01-17,188813.42
Poland,POL,2022-01-18,180049.42
Poland,POL,2022-01-19,172554.92
Poland,POL,2022-01-20,169074
Poland,POL,2022-01-21,162503.72
Poland,POL,2022-01-22,167101.72
Poland,POL,2022-01-23,158994.42
Poland,POL,2022-01-24,154161.42
Poland,POL,2022-01-25,149706.58
Poland,POL,2022-01-26,145514.92
Poland,POL,2022-01-27,136607.28
Poland,POL,2022-01-28,132224.28
Poland,POL,2022-01-29,123521
Poland,POL,2022-01-30,127523
Poland,POL,2022-01-31,123352.71
Poland,POL,2022-02-01,116689.43
Poland,POL,2022-02-02,109671.86
Poland,POL,2022-02-03,105898.57
Poland,POL,2022-02-04,98698.71
Poland,POL,2022-02-05,100299.57
Poland,POL,2022-02-06,92220.86
Poland,POL,2022-02-07,88831.86
Poland,POL,2022-02-08,84886.29
Poland,POL,2022-02-09,80470.43
Poland,POL,2022-02-10,76542.14
Poland,POL,2022-02-11,72634.57
Poland,POL,2022-02-12,69185
Poland,POL,2022-02-13,68723.71
Poland,POL,2022-02-14,65051.715
Poland,POL,2022-02-15,60111.43
Poland,POL,2022-02-16,58664
Poland,POL,2022-02-17,57224
Poland,POL,2022-02-18,53989.57
Poland,POL,2022-02-19,51555.57
Poland,POL,2022-02-20,51239.715
Poland,POL,2022-02-21,50338.715
Poland,POL,2022-02-22,49984.285
Poland,POL,2022-02-23,45921.43
Poland,POL,2022-02-24,42490.43
Poland,POL,2022-02-25,40892.855
Poland,POL,2022-02-26,39485.715
Poland,POL,2022-02-27,39205.145
Poland,POL,2022-02-28,37906.715
Poland,POL,2022-03-01,35567.57
Poland,POL,2022-03-02,33059
Poland,POL,2022-03-03,30629.143
Poland,POL,2022-03-04,28216.143
Poland,POL,2022-03-05,26445.715
Poland,POL,2022-03-06,27333
Poland,POL,2022-03-07,24781.285
Poland,POL,2022-03-08,23533.572
Poland,POL,2022-03-09,22536.357
Poland,POL,2022-03-10,21805.285
Poland,POL,2022-03-11,20769.857
Poland,POL,2022-03-12,19682.857
Poland,POL,2022-03-13,19384.715
Poland,POL,2022-03-14,20491.357
Poland,POL,2022-03-15,20294
Poland,POL,2022-03-16,19832.785
Poland,POL,2022-03-17,19236.143
Poland,POL,2022-03-18,17395.643
Poland,POL,2022-03-19,19300.572
Poland,POL,2022-03-20,18281.715
Poland,POL,2022-03-21,17667.928
Poland,POL,2022-03-22,17125.143
Poland,POL,2022-03-23,16554
Poland,POL,2022-03-24,16051.286
Poland,POL,2022-03-25,16568.072
Poland,POL,2022-03-26,14804.857
Poland,POL,2022-03-27,14721.429
Poland,POL,2022-03-28,14466.714
Poland,POL,2022-03-29,14141
Poland,POL,2022-03-30,13919.286
Poland,POL,2022-03-31,13613.857
Poland,POL,2022-04-01,11609.429
Poland,POL,2022-04-02,11885
Poland,POL,2022-04-03,13404.571
Poland,POL,2022-04-04,13199.714
Poland,POL,2022-04-05,12664.429
Poland,POL,2022-04-06,12003.857
Poland,POL,2022-04-07,11455.714
Poland,POL,2022-04-08,12263.857
Poland,POL,2022-04-09,11100.786
Poland,POL,2022-04-10,9937.714
Poland,POL,2022-04-11,9675.714
Poland,POL,2022-04-12,10068.714
Poland,POL,2022-04-13,10177.857
Poland,POL,2022-04-14,10370.571
Poland,POL,2022-04-15,8533.619
Poland,POL,2022-04-16,8667.881
Poland,POL,2022-04-17,8802.143
Poland,POL,2022-04-18,7633.5713
Poland,POL,2022-04-19,7471
Poland,POL,2022-04-20,7465.5713
Poland,POL,2022-04-21,8111.643
Poland,POL,2022-04-22,9808.523
Poland,POL,2022-04-23,10083.333
Poland,POL,2022-04-24,10478.429
Poland,POL,2022-04-25,11361.143
Poland,POL,2022-04-26,11421.571
Poland,POL,2022-04-27,11605
Poland,POL,2022-04-28,11091.643
Poland,POL,2022-04-29,11856.143
Poland,POL,2022-04-30,13606.286
Poland,POL,2022-05-01,12797.429
Poland,POL,2022-05-02,12480.429
Poland,POL,2022-05-03,10933.286
Poland,POL,2022-05-04,10734.857
Poland,POL,2022-05-05,11031.286
Poland,POL,2022-05-06,10595.714
Poland,POL,2022-05-07,8441.286
Poland,POL,2022-05-08,8238.571
Poland,POL,2022-05-09,8685.571
Poland,POL,2022-05-10,9830.571
Poland,POL,2022-05-11,9728.571
Poland,POL,2022-05-12,8840.571
Poland,POL,2022-05-13,7204.4287
Poland,POL,2022-05-14,6969
Poland,POL,2022-05-15,6960
Poland,POL,2022-05-16,6751.143
Poland,POL,2022-05-17,8601.857
Poland,POL,2022-05-18,8164.143
Poland,POL,2022-05-19,8050.857
Poland,POL,2022-05-20,8616.857
Poland,POL,2022-05-21,8855.143
Poland,POL,2022-05-22,8843.571
Poland,POL,2022-05-23,8693.714
Poland,POL,2022-05-24,7258.5713
Poland,POL,2022-05-25,7893
Poland,POL,2022-05-26,8066.2856
Poland,POL,2022-05-27,7846.5713
Poland,POL,2022-05-28,7498.5713
Poland,POL,2022-05-29,7661
Poland,POL,2022-05-30,7815.7144
Poland,POL,2022-05-31,7464.7144
Poland,POL,2022-06-01,6376.5713
Poland,POL,2022-06-02,5735.7144
Poland,POL,2022-06-03,5282.7144
Poland,POL,2022-06-04,5330.7144
Poland,POL,2022-06-05,5128.857
Poland,POL,2022-06-06,4629.4287
Poland,POL,2022-06-07,3865
Poland,POL,2022-06-08,3923.2856
Poland,POL,2022-06-09,3788.4285
Poland,POL,2022-06-10,3368.5715
Poland,POL,2022-06-11,3277
Poland,POL,2022-06-12,3264.5715
Poland,POL,2022-06-13,3155.4285
Poland,POL,2022-06-14,3128.1428
Poland,POL,2022-06-15,2647.8572
Poland,POL,2022-06-16,2341.2856
Poland,POL,2022-06-17,2239.7144
Poland,POL,2022-06-18,2101.1428
Poland,POL,2022-06-19,2088.7144
Poland,POL,2022-06-20,2056.1428
Poland,POL,2022-06-21,2492.1428
Poland,POL,2022-06-22,2653.4285
Poland,POL,2022-06-23,2985.5715
Poland,POL,2022-06-24,3233.5715
Poland,POL,2022-06-25,3345
Poland,POL,2022-06-26,3353.4285
Poland,POL,2022-06-27,3327.7144
Poland,POL,2022-06-28,2801.1428
Poland,POL,2022-06-29,2380.8572
Poland,POL,2022-06-30,2638.2856
Poland,POL,2022-07-01,2386.1428
Poland,POL,2022-07-02,2337.2856
Poland,POL,2022-07-03,2318.7144
Poland,POL,2022-07-04,2490.4285
Poland,POL,2022-07-05,2500.1428
Poland,POL,2022-07-06,3009.5715
Poland,POL,2022-07-07,2755.6428
Poland,POL,2022-07-08,2903.5715
Poland,POL,2022-07-09,2911.4285
Poland,POL,2022-07-10,2929.2856
Poland,POL,2022-07-11,3025.7144
Poland,POL,2022-07-12,3272
Poland,POL,2022-07-13,3489.5715
Poland,POL,2022-07-14,3320.6428
Poland,POL,2022-07-15,3321.5715
Poland,POL,2022-07-16,3300.1428
Poland,POL,2022-07-17,3288.5715
Poland,POL,2022-07-18,3139.7144
Poland,POL,2022-07-19,2947.4285
Poland,POL,2022-07-20,2624.2856
Poland,POL,2022-07-21,4395
Poland,POL,2022-07-22,6335.143
Poland,POL,2022-07-23,7378
Poland,POL,2022-07-24,7528.4287
Poland,POL,2022-07-25,11151.857
Poland,POL,2022-07-26,16244.857
Poland,POL,2022-07-27,22794.143
Poland,POL,2022-07-28,30340.572
Poland,POL,2022-07-29,38545.57
Poland,POL,2022-07-30,39446.715
Poland,POL,2022-07-31,39922.285
Poland,POL,2022-08-01,48027
Poland,POL,2022-08-02,50476
Poland,POL,2022-08-03,54159.715
Poland,POL,2022-08-04,50284
Poland,POL,2022-08-05,47390
Poland,POL,2022-08-06,47448.855
Poland,POL,2022-08-07,47103
Poland,POL,2022-08-08,54721.855
Poland,POL,2022-08-09,52491.57
Poland,POL,2022-08-10,47672.145
Poland,POL,2022-08-11,46427.285
Poland,POL,2022-08-12,56130.715
Poland,POL,2022-08-13,55999.285
Poland,POL,2022-08-14,55970.57
Poland,POL,2022-08-15,36413
Poland,POL,2022-08-16,35938.43
Poland,POL,2022-08-17,35716.145
Poland,POL,2022-08-18,35422.855
Poland,POL,2022-08-19,23134.715
Poland,POL,2022-08-20,22964.143
Poland,POL,2022-08-21,22993.857
Poland,POL,2022-08-22,34478.145
Poland,POL,2022-08-23,29977.715
Poland,POL,2022-08-24,34622.43
Poland,POL,2022-08-25,35424.285
Poland,POL,2022-08-26,34748.57
Poland,POL,2022-08-27,34107.855
Poland,POL,2022-08-28,34045.855
Poland,POL,2022-08-29,24875.715
Poland,POL,2022-08-30,27727.285
Poland,POL,2022-08-31,21384.857
Poland,POL,2022-09-01,19983
Poland,POL,2022-09-02,18767.285
Poland,POL,2022-09-03,18465.428
Poland,POL,2022-09-04,18359
Poland,POL,2022-09-05,17877.428
Poland,POL,2022-09-06,16943.857
Poland,POL,2022-09-07,16477.428
Poland,POL,2022-09-08,15530
Poland,POL,2022-09-09,14496.143
Poland,POL,2022-09-10,14533.286
Poland,POL,2022-09-11,14635.429
Poland,POL,2022-09-12,12711
Poland,POL,2022-09-13,12424.857
Poland,POL,2022-09-14,11399
Poland,POL,2022-09-15,11629.714
Poland,POL,2022-09-16,11845.857
Poland,POL,2022-09-17,11420.286
Poland,POL,2022-09-18,11321.857
Poland,POL,2022-09-19,12631.143
Poland,POL,2022-09-20,11900.286
Poland,POL,2022-09-21,13917
Poland,POL,2022-09-22,23316.143
Poland,POL,2022-09-23,28202.715
Poland,POL,2022-09-24,30169.143
Poland,POL,2022-09-25,30414.285
Poland,POL,2022-09-26,31463.715
Poland,POL,2022-09-27,32402.428
Poland,POL,2022-09-28,38058.43
Poland,POL,2022-09-29,31318
Poland,POL,2022-09-30,30766.428
Poland,POL,2022-10-01,30209.715
Poland,POL,2022-10-02,30264.428
Poland,POL,2022-10-03,31086.285
Poland,POL,2022-10-04,33021.145
Poland,POL,2022-10-05,27797.857
Poland,POL,2022-10-06,26855.715
Poland,POL,2022-10-07,26072.572
Poland,POL,2022-10-08,25761.715
Poland,POL,2022-10-09,25588.143
Poland,POL,2022-10-10,26004.643
Poland,POL,2022-10-11,25214.285
Poland,POL,2022-10-12,24423.285
Poland,POL,2022-10-13,23551.572
Poland,POL,2022-10-14,22675.285
Poland,POL,2022-10-15,22457.715
Poland,POL,2022-10-16,22432.715
Poland,POL,2022-10-17,20739.643
Poland,POL,2022-10-18,19388.572
Poland,POL,2022-10-19,17963.428
Poland,POL,2022-10-20,16637
Poland,POL,2022-10-21,14622.714
Poland,POL,2022-10-22,14053.857
Poland,POL,2022-10-23,14072.429
Poland,POL,2022-10-24,13793.286
Poland,POL,2022-10-25,13418.429
Poland,POL,2022-10-26,16447.428
Poland,POL,2022-10-27,16671.428
Poland,POL,2022-10-28,16845.428
Poland,POL,2022-10-29,16590.428
Poland,POL,2022-10-30,16878.857
Poland,POL,2022-10-31,16777.285
Poland,POL,2022-11-01,14790.429
Poland,POL,2022-11-02,10901.571
Poland,POL,2022-11-03,10497.143
Poland,POL,2022-11-04,10334.714
Poland,POL,2022-11-05,11038.714
Poland,POL,2022-11-06,10685.143
Poland,POL,2022-11-07,10567.429
Poland,POL,2022-11-08,12261.286
Poland,POL,2022-11-09,12522.429
Poland,POL,2022-11-10,12670.143
Poland,POL,2022-11-11,9554.571
Poland,POL,2022-11-12,9263.429
Poland,POL,2022-11-13,9231.857
Poland,POL,2022-11-14,9334.286
Poland,POL,2022-11-15,9106.714
Poland,POL,2022-11-16,8536.857
Poland,POL,2022-11-17,7509.7144
Poland,POL,2022-11-18,9715.143
Poland,POL,2022-11-19,9294
Poland,POL,2022-11-20,9234.571
Poland,POL,2022-11-21,8559.429
Poland,POL,2022-11-22,7991.4287
Poland,POL,2022-11-23,7588.5713
Poland,POL,2022-11-24,7185.4287
Poland,POL,2022-11-25,6507
Poland,POL,2022-11-26,6351.857
Poland,POL,2022-11-27,6717
Poland,POL,2022-11-28,6153.143
Poland,POL,2022-11-29,6329.143
Poland,POL,2022-11-30,6255
Poland,POL,2022-12-01,5951.4287
Poland,POL,2022-12-02,5131.9287
Poland,POL,2022-12-03,5604.143
Poland,POL,2022-12-04,5227.143
Poland,POL,2022-12-05,5437.4287
Poland,POL,2022-12-06,4933.4287
Poland,POL,2022-12-07,4587.5713
Poland,POL,2022-12-08,4517
Poland,POL,2022-12-09,4968.357
Poland,POL,2022-12-10,4449
Poland,POL,2022-12-11,4561.143
Poland,POL,2022-12-12,4463.143
Poland,POL,2022-12-13,4542.143
Poland,POL,2022-12-14,4623
Poland,POL,2022-12-15,4513.4287
Poland,POL,2022-12-16,4141.5713
Poland,POL,2022-12-17,4120.2856
Poland,POL,2022-12-18,4707.143
Poland,POL,2022-12-19,4666.5713
Poland,POL,2022-12-20,4429.2856
Poland,POL,2022-12-21,4167.857
Poland,POL,2022-12-22,4006.2856
Poland,POL,2022-12-23,3410.1428
Poland,POL,2022-12-24,3135.8572
Poland,POL,2022-12-25,2377.2856
Poland,POL,2022-12-26,1854.4286
Poland,POL,2022-12-27,2156.5715
Poland,POL,2022-12-28,2844.8572
Poland,POL,2022-12-29,3468.4285
Poland,POL,2022-12-30,3946
Poland,POL,2022-12-31,4046.2856
Poland,POL,2023-01-01,4116.143
Poland,POL,2023-01-02,4638.7144
Poland,POL,2023-01-03,4813
Poland,POL,2023-01-04,4530.5713
Poland,POL,2023-01-05,4430.143
Poland,POL,2023-01-06,3669
Poland,POL,2023-01-07,3773.4285
Poland,POL,2023-01-08,3717
Poland,POL,2023-01-09,4030.5715
Poland,POL,2023-01-10,3684.8572
Poland,POL,2023-01-11,3380.8572
Poland,POL,2023-01-12,3010.2856
Poland,POL,2023-01-13,3772.8572
Poland,POL,2023-01-14,3765.2856
Poland,POL,2023-01-15,3754
Poland,POL,2023-01-16,3497.1428
Poland,POL,2023-01-17,3199.8572
Poland,POL,2023-01-18,3075.7144
Poland,POL,2023-01-19,3118.8572
Poland,POL,2023-01-20,2802.4285
Poland,POL,2023-01-21,2692.1428
Poland,POL,2023-01-22,2683.7144
Poland,POL,2023-01-23,2345.5715
Poland,POL,2023-01-24,2708.7144
Poland,POL,2023-01-25,2231.2856
Poland,POL,2023-01-26,2225.7144
Poland,POL,2023-01-27,2755.5715
Poland,POL,2023-01-28,2785.2856
Poland,POL,2023-01-29,2799.5715
Poland,POL,2023-01-30,2790
Poland,POL,2023-01-31,2359.8572
Poland,POL,2023-02-01,2595.7144
Poland,POL,2023-02-02,2191.4285
Poland,POL,2023-02-03,1505.2858
Poland,POL,2023-02-04,1455.7142
Poland,POL,2023-02-05,1433.8572
Poland,POL,2023-02-06,1366.7142
Poland,POL,2023-02-07,1294.8572
Poland,POL,2023-02-08,1267.2858
Poland,POL,2023-02-09,1243.2858
Poland,POL,2023-02-10,1149.7142
Poland,POL,2023-02-11,1121
Poland,POL,2023-02-12,1134.7142
Poland,POL,2023-02-13,1117.4286
Poland,POL,2023-02-14,1066.1428
Poland,POL,2023-02-15,1015.5714
Poland,POL,2023-02-16,940.1429
Poland,POL,2023-02-17,901.8571
Poland,POL,2023-02-18,889.2857
Poland,POL,2023-02-19,879.7143
Poland,POL,2023-02-20,855.5714
Poland,POL,2023-02-21,846.2857
Poland,POL,2023-02-22,860.8571
Poland,POL,2023-02-23,1003.8571
Poland,POL,2023-02-24,1069.2858
Poland,POL,2023-02-25,1085.8572
Poland,POL,2023-02-26,1088.2858
Poland,POL,2023-02-27,1173.1428
Poland,POL,2023-02-28,1228.5714
Poland,POL,2023-03-01,1264.7142
Poland,POL,2023-03-02,1190.7142
Poland,POL,2023-03-03,1182.1428
Poland,POL,2023-03-04,1167
Poland,POL,2023-03-05,1162.1428
Poland,POL,2023-03-06,1164.5714
Poland,POL,2023-03-07,1153.8572
Poland,POL,2023-03-08,1097.5714
Poland,POL,2023-03-09,1071.8572
Poland,POL,2023-03-10,1136
Poland,POL,2023-03-11,1138
Poland,POL,2023-03-12,1135.7142
Poland,POL,2023-03-13,1096.2858
Poland,POL,2023-03-14,1111.1428
Poland,POL,2023-03-15,1110.1428
Poland,POL,2023-03-16,1160.7858
Poland,POL,2023-03-17,1067.1428
Poland,POL,2023-03-18,1061.4286
Poland,POL,2023-03-19,1089.7142
Poland,POL,2023-03-20,1221.7142
Poland,POL,2023-03-21,1232.2858
Poland,POL,2023-03-22,1761.7142
Poland,POL,2023-03-23,1670.6428
Poland,POL,2023-03-24,1655.1428
Poland,POL,2023-03-25,1661.1428
Poland,POL,2023-03-26,1633.8572
Poland,POL,2023-03-27,1513.2858
Poland,POL,2023-03-28,1543.2858
Poland,POL,2023-03-29,1315
Poland,POL,2023-03-30,2107.1428
Poland,POL,2023-03-31,2121
Poland,POL,2023-04-01,2111.7144
Poland,POL,2023-04-02,2117.1428
Poland,POL,2023-04-03,2002.2858
Poland,POL,2023-04-04,1857.7142
Poland,POL,2023-04-05,1478.1428
Poland,POL,2023-04-06,620.4286
Poland,POL,2023-04-07,432.14285
Poland,POL,2023-04-08,422.14285
Poland,POL,2023-04-09,404.85715
Poland,POL,2023-04-10,329.85715
Poland,POL,2023-04-11,314.7143
Poland,POL,2023-04-12,379.2857
Poland,POL,2023-04-13,438.2857
Poland,POL,2023-04-14,482.7143
Poland,POL,2023-04-15,468.42856
Poland,POL,2023-04-16,485.14285
Poland,POL,2023-04-17,592.4286
Poland,POL,2023-04-18,681.7143
Poland,POL,2023-04-19,753.1429
Poland,POL,2023-04-20,729.8571
Poland,POL,2023-04-21,787.7143
Poland,POL,2023-04-22,818
Poland,POL,2023-04-23,832.8571
Poland,POL,2023-04-24,817.5714
Poland,POL,2023-04-25,857.7143
Poland,POL,2023-04-26,871.5714
Poland,POL,2023-04-27,1209.7142
Poland,POL,2023-04-28,1321.2858
Poland,POL,2023-04-29,1269.5714
Poland,POL,2023-04-30,1798.1428
Poland,POL,2023-05-01,2587.5715
Poland,POL,2023-05-02,2540
Poland,POL,2023-05-03,2462
Poland,POL,2023-05-04,2100.2856
Poland,POL,2023-05-05,1884.8572
Poland,POL,2023-05-06,1893.4286
Poland,POL,2023-05-07,1343.2858
Poland,POL,2023-05-08,519.7143
Poland,POL,2023-05-09,431.14285
Poland,POL,2023-05-10,345
Poland,POL,2023-05-11,321.85715
Poland,POL,2023-05-12,353.85715
Poland,POL,2023-05-13,364.2857
Poland,POL,2023-05-14,372.2857
Poland,POL,2023-05-15,353
Poland,POL,2023-05-16,333
Poland,POL,2023-05-17,314.85715
Poland,POL,2023-05-18,291.2857
Poland,POL,2023-05-19,321.2857
Poland,POL,2023-05-20,298.85715
Poland,POL,2023-05-21,287
Poland,POL,2023-05-22,377.2857
Poland,POL,2023-05-23,520.1429
Poland,POL,2023-05-24,674.2857
Poland,POL,2023-05-25,773.8571
Poland,POL,2023-05-26,708.7143
Poland,POL,2023-05-27,723.5714
Poland,POL,2023-05-28,1148.1428
Poland,POL,2023-05-29,1042.8572
Poland,POL,2023-05-30,1048.7142
Poland,POL,2023-05-31,943.4286
Poland,POL,2023-06-01,849.4286
Poland,POL,2023-06-02,837.4286
Poland,POL,2023-06-03,819
Poland,POL,2023-06-04,391.14285
Poland,POL,2023-06-05,541.8571
Poland,POL,2023-06-06,436
Poland,POL,2023-06-07,370.42856
Poland,POL,2023-06-08,320.85715
Poland,POL,2023-06-09,311.57144
Poland,POL,2023-06-10,312.57144
Poland,POL,2023-06-11,312.42856
Poland,POL,2023-06-12,361.2857
Poland,POL,2023-06-13,298.7143
Poland,POL,2023-06-14,293.85715
Poland,POL,2023-06-15,323
Poland,POL,2023-06-16,334.2857
Poland,POL,2023-06-17,334.85715
Poland,POL,2023-06-18,335
Poland,POL,2023-06-19,126.14286
Poland,POL,2023-06-20,155.57143
Poland,POL,2023-06-21,256.14285
Poland,POL,2023-06-22,320.2857
Poland,POL,2023-06-23,337.85715
Poland,POL,2023-06-24,342.2857
Poland,POL,2023-06-25,397.14285
Poland,POL,2023-06-26,498.2857
Poland,POL,2023-06-27,501.42856
Poland,POL,2023-06-28,417.2857
Poland,POL,2023-06-29,351.14285
Poland,POL,2023-06-30,341.2857
Poland,POL,2023-07-01,336.57144
Poland,POL,2023-07-02,279.42856
Poland,POL,2023-07-03,170.42857
Poland,POL,2023-07-04,148.14285
Poland,POL,2023-07-05,138.28572
Poland,POL,2023-07-06,172.57143
Poland,POL,2023-07-07,153.57143
Poland,POL,2023-07-08,151.85715
Poland,POL,2023-07-09,153.28572
Poland,POL,2023-07-10,158.85715
Poland,POL,2023-07-11,140
Poland,POL,2023-07-12,124
Poland,POL,2023-07-13,75.85714
Poland,POL,2023-07-14,66.85714
Poland,POL,2023-07-15,69.14286
Poland,POL,2023-07-16,101
Poland,POL,2023-07-17,153.42857
Poland,POL,2023-07-18,192.85715
Poland,POL,2023-07-19,200.42857
Poland,POL,2023-07-20,192.71428
Poland,POL,2023-07-21,350.85715
Poland,POL,2023-07-22,350.2857
Poland,POL,2023-07-23,315.57144
Poland,POL,2023-07-24,335.57144
Poland,POL,2023-07-25,294.2857
Poland,POL,2023-07-26,282.07144
Poland,POL,2023-07-27,280.2857
Poland,POL,2023-07-28,120.85714
Poland,POL,2023-07-29,128.28572
Poland,POL,2023-07-30,132.35715
Poland,POL,2023-07-31,48
Poland,POL,2023-08-01,46
Poland,POL,2023-08-02,49.07143
Poland,POL,2023-08-03,53.714287
Poland,POL,2023-08-04,50.57143
Poland,POL,2023-08-05,40.42857
Poland,POL,2023-08-06,36.357143
Poland,POL,2023-08-07,39.285713
Poland,POL,2023-08-08,40.714287
Poland,POL,2023-08-09,41.57143
Poland,POL,2023-08-10,43.142857
Poland,POL,2023-08-11,42.5
Poland,POL,2023-08-12,46.57143
Poland,POL,2023-08-13,46.857143
Poland,POL,2023-08-14,44.285713
Poland,POL,2023-08-15,42.5
Poland,POL,2023-08-16,39.142857
Poland,POL,2023-08-17,36.57143
Poland,POL,2023-08-18,43.357143
Poland,POL,2023-08-19,42.857143
Poland,POL,2023-08-20,42.57143
Poland,POL,2023-08-21,46.714287
Poland,POL,2023-08-22,49.5
Poland,POL,2023-08-23,55.714287
Poland,POL,2023-08-24,59
Poland,POL,2023-08-25,56.57143
Poland,POL,2023-08-26,58
Poland,POL,2023-08-27,58.142857
Poland,POL,2023-08-28,59.857143
Poland,POL,2023-08-29,59.285713
Poland,POL,2023-08-30,57.142857
Poland,POL,2023-08-31,59.42857
Poland,POL,2023-09-01,64.85714
Poland,POL,2023-09-02,66.71429
Poland,POL,2023-09-03,67.14286
Poland,POL,2023-09-04,63.42857
Poland,POL,2023-09-05,56.142857
Poland,POL,2023-09-06,54.57143
Poland,POL,2023-09-07,67
Poland,POL,2023-09-08,56
Poland,POL,2023-09-09,48.857143
Poland,POL,2023-09-10,51.714287
Poland,POL,2023-09-11,51.714287
Poland,POL,2023-09-12,58
Poland,POL,2023-09-13,60.142857
Poland,POL,2023-09-14,46.857143
Poland,POL,2023-09-15,65.42857
Poland,POL,2023-09-16,151.28572
Poland,POL,2023-09-17,161.42857
Poland,POL,2023-09-18,162.28572
Poland,POL,2023-09-19,164
Poland,POL,2023-09-20,164.71428
Poland,POL,2023-09-21,160.71428
Poland,POL,2023-09-22,149.57143
Poland,POL,2023-09-23,68.28571
Poland,POL,2023-09-24,55.142857
Poland,POL,2023-09-25,60.714287
Poland,POL,2023-09-26,63
Poland,POL,2023-09-27,62.285713
Poland,POL,2023-09-28,68.14286
Poland,POL,2023-09-29,83.57143
Poland,POL,2023-09-30,79.28571
Poland,POL,2023-10-01,80.85714
Poland,POL,2023-10-02,81.42857
Poland,POL,2023-10-03,82.42857
Poland,POL,2023-10-04,181.85715
Poland,POL,2023-10-05,188
Poland,POL,2023-10-06,178
Poland,POL,2023-10-07,184.57143
Poland,POL,2023-10-08,183.42857
Poland,POL,2023-10-09,183.71428
Poland,POL,2023-10-10,184.42857
Poland,POL,2023-10-11,86.14286
Poland,POL,2023-10-12,78.71429
Poland,POL,2023-10-13,78.71429
Poland,POL,2023-10-14,77
Poland,POL,2023-10-15,78.71429
Poland,POL,2023-10-16,77.14286
Poland,POL,2023-10-17,75.42857
Poland,POL,2023-10-18,76.71429
Poland,POL,2023-10-19,79
Poland,POL,2023-10-20,77.85714
Poland,POL,2023-10-21,75.14286
Poland,POL,2023-10-22,76.14286
Poland,POL,2023-10-23,75.42857
Poland,POL,2023-10-24,74.57143
Poland,POL,2023-10-25,77.14286
Poland,POL,2023-10-26,78.57143
Poland,POL,2023-10-27,75.57143
Poland,POL,2023-10-28,80.28571
Poland,POL,2023-10-29,80.14286
Poland,POL,2023-10-30,80.85714
Poland,POL,2023-10-31,88
Poland,POL,2023-11-01,74
Poland,POL,2023-11-02,67.57143
Poland,POL,2023-11-03,76.71429
Poland,POL,2023-11-04,76.42857
Poland,POL,2023-11-05,74.42857
Poland,POL,2023-11-06,89.14286
Poland,POL,2023-11-07,132.85715
Poland,POL,2023-11-08,164
Poland,POL,2023-11-09,189.85715
Poland,POL,2023-11-10,204.28572
Poland,POL,2023-11-11,2196.2026
Poland,POL,2023-11-12,4195.2627
Poland,POL,2023-11-13,6168.751
Poland,POL,2023-11-14,8108.8105
Poland,POL,2023-11-15,10077.299
Poland,POL,2023-11-16,12041.073
Poland,POL,2023-11-17,14004.419
Poland,POL,2023-11-18,14004.419
Poland,POL,2023-11-19,14004.419
Poland,POL,2023-11-20,14004.419
Poland,POL,2023-11-21,14004.419
Poland,POL,2023-11-22,14004.419
Poland,POL,2023-11-23,14004.419
Poland,POL,2023-11-24,14004.419
Poland,POL,2023-11-25,14004.419
Poland,POL,2023-11-26,14004.419
Poland,POL,2023-11-27,14004.419
Poland,POL,2023-11-28,14004.419
Poland,POL,2023-11-29,14004.419
Poland,POL,2023-11-30,14004.419
Poland,POL,2023-12-01,14004.419
Poland,POL,2023-12-02,14004.419
Poland,POL,2023-12-03,14004.419
Poland,POL,2023-12-04,14004.419
Poland,POL,2023-12-05,14004.419
Poland,POL,2023-12-06,14004.419
Poland,POL,2023-12-07,14004.419
Poland,POL,2023-12-08,14004.419
Poland,POL,2023-12-09,14004.419
Poland,POL,2023-12-10,14004.419
Poland,POL,2023-12-11,14004.419
Poland,POL,2023-12-12,14004.419
Poland,POL,2023-12-13,14004.419
Poland,POL,2023-12-14,14004.419
Poland,POL,2023-12-15,14004.419
Poland,POL,2023-12-16,14004.419
Poland,POL,2023-12-17,14004.419
Poland,POL,2023-12-18,14004.419
Poland,POL,2023-12-19,14004.419
Poland,POL,2023-12-20,14004.419
Poland,POL,2023-12-21,14004.419
Poland,POL,2023-12-22,14004.419
Poland,POL,2023-12-23,14004.419