Entity,Code,Day,Total confirmed deaths due to COVID-19,Daily new confirmed deaths due to COVID-19
Poland,POL,2020-01-04,0,0
Poland,POL,2020-01-05,0,0
Poland,POL,2020-01-06,0,0
Poland,POL,2020-01-07,0,0
Poland,POL,2020-01-08,0,0
Poland,POL,2020-01-09,0,0
Poland,POL,2020-01-10,0,0
Poland,POL,2020-01-11,0,0
Poland,POL,2020-01-12,0,0
Poland,POL,2020-01-13,0,0
Poland,POL,2020-01-14,0,0
Poland,POL,2020-01-15,0,0
Poland,POL,2020-01-16,0,0
Poland,POL,2020-01-17,0,0
Poland,POL,2020-01-18,0,0
Poland,POL,2020-01-19,0,0
Poland,POL,2020-01-20,0,0
Poland,POL,2020-01-21,0,0
Poland,POL,2020-01-22,0,0
Poland,POL,2020-01-23,0,0
Poland,POL,2020-01-24,0,0
Poland,POL,2020-01-25,0,0
Poland,POL,2020-01-26,0,0
Poland,POL,2020-01-27,0,0
Poland,POL,2020-01-28,0,0
Poland,POL,2020-01-29,0,0
Poland,POL,2020-01-30,0,0
Poland,POL,2020-01-31,0,0
Poland,POL,2020-02-01,0,0
Poland,POL,2020-02-02,0,0
Poland,POL,2020-02-03,0,0
Poland,POL,2020-02-04,0,0
Poland,POL,2020-02-05,0,0
Poland,POL,2020-02-06,0,0
Poland,POL,2020-02-07,0,0
Poland,POL,2020-02-08,0,0
Poland,POL,2020-02-09,0,0
Poland,POL,2020-02-10,0,0
Poland,POL,2020-02-11,0,0
Poland,POL,2020-02-12,0,0
Poland,POL,2020-02-13,0,0
Poland,POL,2020-02-14,0,0
Poland,POL,2020-02-15,0,0
Poland,POL,2020-02-16,0,0
Poland,POL,2020-02-17,0,0
Poland,POL,2020-02-18,0,0
Poland,POL,2020-02-19,0,0
Poland,POL,2020-02-20,0,0
Poland,POL,2020-02-21,0,0
Poland,POL,2020-02-22,0,0
Poland,POL,2020-02-23,0,0
Poland,POL,2020-02-24,0,0
Poland,POL,2020-02-25,0,0
Poland,POL,2020-02-26,0,0
Poland,POL,2020-02-27,0,0
Poland,POL,2020-02-28,0,0
Poland,POL,2020-02-29,0,0
Poland,POL,2020-03-01,0,0
Poland,POL,2020-03-02,0,0
Poland,POL,2020-03-03,0,0
Poland,POL,2020-03-04,0,0
Poland,POL,2020-03-05,0,0
Poland,POL,2020-03-06,0,0
Poland,POL,2020-03-07,0,0
Poland,POL,2020-03-08,0,0
Poland,POL,2020-03-09,0,0
Poland,POL,2020-03-10,0,0
Poland,POL,2020-03-11,0,0
Poland,POL,2020-03-12,0,0
Poland,POL,2020-03-13,1,1
Poland,POL,2020-03-14,2,1
Poland,POL,2020-03-15,3,1
Poland,POL,2020-03-16,3,0
Poland,POL,2020-03-17,4,1
Poland,POL,2020-03-18,5,1
Poland,POL,2020-03-19,5,0
Poland,POL,2020-03-20,5,0
Poland,POL,2020-03-21,5,0
Poland,POL,2020-03-22,5,0
Poland,POL,2020-03-23,7,2
Poland,POL,2020-03-24,8,1
Poland,POL,2020-03-25,10,2
Poland,POL,2020-03-26,13,3
Poland,POL,2020-03-27,16,3
Poland,POL,2020-03-28,16,0
Poland,POL,2020-03-29,18,2
Poland,POL,2020-03-30,22,4
Poland,POL,2020-03-31,31,9
Poland,POL,2020-04-01,33,2
Poland,POL,2020-04-02,43,10
Poland,POL,2020-04-03,57,14
Poland,POL,2020-04-04,71,14
Poland,POL,2020-04-05,79,8
Poland,POL,2020-04-06,94,15
Poland,POL,2020-04-07,103,9
Poland,POL,2020-04-08,129,26
Poland,POL,2020-04-09,158,29
Poland,POL,2020-04-10,174,16
Poland,POL,2020-04-11,181,7
Poland,POL,2020-04-12,208,27
Poland,POL,2020-04-13,231,23
Poland,POL,2020-04-14,244,13
Poland,POL,2020-04-15,262,18
Poland,POL,2020-04-16,284,22
Poland,POL,2020-04-17,312,28
Poland,POL,2020-04-18,330,18
Poland,POL,2020-04-19,345,15
Poland,POL,2020-04-20,358,13
Poland,POL,2020-04-21,378,20
Poland,POL,2020-04-22,398,20
Poland,POL,2020-04-23,423,25
Poland,POL,2020-04-24,451,28
Poland,POL,2020-04-25,491,40
Poland,POL,2020-04-26,521,30
Poland,POL,2020-04-27,533,12
Poland,POL,2020-04-28,560,27
Poland,POL,2020-04-29,594,34
Poland,POL,2020-04-30,622,28
Poland,POL,2020-05-01,642,20
Poland,POL,2020-05-02,649,7
Poland,POL,2020-05-03,661,12
Poland,POL,2020-05-04,676,15
Poland,POL,2020-05-05,695,19
Poland,POL,2020-05-06,714,19
Poland,POL,2020-05-07,732,18
Poland,POL,2020-05-08,754,22
Poland,POL,2020-05-09,774,20
Poland,POL,2020-05-10,783,9
Poland,POL,2020-05-11,798,15
Poland,POL,2020-05-12,809,11
Poland,POL,2020-05-13,837,28
Poland,POL,2020-05-14,860,23
Poland,POL,2020-05-15,882,22
Poland,POL,2020-05-16,906,24
Poland,POL,2020-05-17,914,8
Poland,POL,2020-05-18,924,10
Poland,POL,2020-05-19,935,11
Poland,POL,2020-05-20,947,12
Poland,POL,2020-05-21,961,14
Poland,POL,2020-05-22,971,10
Poland,POL,2020-05-23,981,10
Poland,POL,2020-05-24,992,11
Poland,POL,2020-05-25,995,3
Poland,POL,2020-05-26,1006,11
Poland,POL,2020-05-27,1023,17
Poland,POL,2020-05-28,1027,4
Poland,POL,2020-05-29,1037,10
Poland,POL,2020-05-30,1050,13
Poland,POL,2020-05-31,1060,10
Poland,POL,2020-06-01,1063,3
Poland,POL,2020-06-02,1073,10
Poland,POL,2020-06-03,1091,18
Poland,POL,2020-06-04,1114,23
Poland,POL,2020-06-05,1116,2
Poland,POL,2020-06-06,1136,20
Poland,POL,2020-06-07,1150,14
Poland,POL,2020-06-08,1154,4
Poland,POL,2020-06-09,1163,9
Poland,POL,2020-06-10,1182,19
Poland,POL,2020-06-11,1205,23
Poland,POL,2020-06-12,1214,9
Poland,POL,2020-06-13,1221,7
Poland,POL,2020-06-14,1236,15
Poland,POL,2020-06-15,1246,10
Poland,POL,2020-06-16,1255,9
Poland,POL,2020-06-17,1271,16
Poland,POL,2020-06-18,1285,14
Poland,POL,2020-06-19,1315,30
Poland,POL,2020-06-20,1333,18
Poland,POL,2020-06-21,1345,12
Poland,POL,2020-06-22,1355,10
Poland,POL,2020-06-23,1358,3
Poland,POL,2020-06-24,1374,16
Poland,POL,2020-06-25,1395,21
Poland,POL,2020-06-26,1411,16
Poland,POL,2020-06-27,1428,17
Poland,POL,2020-06-28,1434,6
Poland,POL,2020-06-29,1438,4
Poland,POL,2020-06-30,1444,6
Poland,POL,2020-07-01,1463,19
Poland,POL,2020-07-02,1477,14
Poland,POL,2020-07-03,1492,15
Poland,POL,2020-07-04,1506,14
Poland,POL,2020-07-05,1511,5
Poland,POL,2020-07-06,1516,5
Poland,POL,2020-07-07,1520,4
Poland,POL,2020-07-08,1527,7
Poland,POL,2020-07-09,1542,15
Poland,POL,2020-07-10,1551,9
Poland,POL,2020-07-11,1562,11
Poland,POL,2020-07-12,1568,6
Poland,POL,2020-07-13,1571,3
Poland,POL,2020-07-14,1576,5
Poland,POL,2020-07-15,1588,12
Poland,POL,2020-07-16,1594,6
Poland,POL,2020-07-17,1604,10
Poland,POL,2020-07-18,1611,7
Poland,POL,2020-07-19,1617,6
Poland,POL,2020-07-20,1623,6
Poland,POL,2020-07-21,1627,4
Poland,POL,2020-07-22,1636,9
Poland,POL,2020-07-23,1642,6
Poland,POL,2020-07-24,1651,9
Poland,POL,2020-07-25,1655,4
Poland,POL,2020-07-26,1664,9
Poland,POL,2020-07-27,1671,7
Poland,POL,2020-07-28,1676,5
Poland,POL,2020-07-29,1682,6
Poland,POL,2020-07-30,1694,12
Poland,POL,2020-07-31,1709,15
Poland,POL,2020-08-01,1716,7
Poland,POL,2020-08-02,1721,5
Poland,POL,2020-08-03,1731,10
Poland,POL,2020-08-04,1732,1
Poland,POL,2020-08-05,1738,6
Poland,POL,2020-08-06,1756,18
Poland,POL,2020-08-07,1774,18
Poland,POL,2020-08-08,1787,13
Poland,POL,2020-08-09,1800,13
Poland,POL,2020-08-10,1807,7
Poland,POL,2020-08-11,1809,2
Poland,POL,2020-08-12,1821,12
Poland,POL,2020-08-13,1830,9
Poland,POL,2020-08-14,1843,13
Poland,POL,2020-08-15,1858,15
Poland,POL,2020-08-16,1869,11
Poland,POL,2020-08-17,1877,8
Poland,POL,2020-08-18,1885,8
Poland,POL,2020-08-19,1896,11
Poland,POL,2020-08-20,1913,17
Poland,POL,2020-08-21,1925,12
Poland,POL,2020-08-22,1938,13
Poland,POL,2020-08-23,1951,13
Poland,POL,2020-08-24,1955,4
Poland,POL,2020-08-25,1960,5
Poland,POL,2020-08-26,1977,17
Poland,POL,2020-08-27,1994,17
Poland,POL,2020-08-28,2009,15
Poland,POL,2020-08-29,2018,9
Poland,POL,2020-08-30,2032,14
Poland,POL,2020-08-31,2033,1
Poland,POL,2020-09-01,2039,6
Poland,POL,2020-09-02,2058,19
Poland,POL,2020-09-03,2078,20
Poland,POL,2020-09-04,2092,14
Poland,POL,2020-09-05,2100,8
Poland,POL,2020-09-06,2113,13
Poland,POL,2020-09-07,2120,7
Poland,POL,2020-09-08,2123,3
Poland,POL,2020-09-09,2135,12
Poland,POL,2020-09-10,2146,11
Poland,POL,2020-09-11,2158,12
Poland,POL,2020-09-12,2168,10
Poland,POL,2020-09-13,2181,13
Poland,POL,2020-09-14,2187,6
Poland,POL,2020-09-15,2202,15
Poland,POL,2020-09-16,2226,24
Poland,POL,2020-09-17,2236,10
Poland,POL,2020-09-18,2252,16
Poland,POL,2020-09-19,2269,17
Poland,POL,2020-09-20,2281,12
Poland,POL,2020-09-21,2292,11
Poland,POL,2020-09-22,2297,5
Poland,POL,2020-09-23,2315,18
Poland,POL,2020-09-24,2343,28
Poland,POL,2020-09-25,2368,25
Poland,POL,2020-09-26,2391,23
Poland,POL,2020-09-27,2423,32
Poland,POL,2020-09-28,2431,8
Poland,POL,2020-09-29,2446,15
Poland,POL,2020-09-30,2482,36
Poland,POL,2020-10-01,2512,30
Poland,POL,2020-10-02,2542,30
Poland,POL,2020-10-03,2569,27
Poland,POL,2020-10-04,2603,34
Poland,POL,2020-10-05,2629,26
Poland,POL,2020-10-06,2658,29
Poland,POL,2020-10-07,2716,58
Poland,POL,2020-10-08,2791,75
Poland,POL,2020-10-09,2867,76
Poland,POL,2020-10-10,2919,52
Poland,POL,2020-10-11,2972,53
Poland,POL,2020-10-12,3004,32
Poland,POL,2020-10-13,3039,35
Poland,POL,2020-10-14,3102,63
Poland,POL,2020-10-15,3218,116
Poland,POL,2020-10-16,3309,91
Poland,POL,2020-10-17,3441,132
Poland,POL,2020-10-18,3525,84
Poland,POL,2020-10-19,3574,49
Poland,POL,2020-10-20,3615,41
Poland,POL,2020-10-21,3722,107
Poland,POL,2020-10-22,3851,129
Poland,POL,2020-10-23,4019,168
Poland,POL,2020-10-24,4172,153
Poland,POL,2020-10-25,4315,143
Poland,POL,2020-10-26,4438,123
Poland,POL,2020-10-27,4483,45
Poland,POL,2020-10-28,4615,132
Poland,POL,2020-10-29,4849,234
Poland,POL,2020-10-30,5149,300
Poland,POL,2020-10-31,5351,202
Poland,POL,2020-11-01,5631,280
Poland,POL,2020-11-02,5783,152
Poland,POL,2020-11-03,5875,92
Poland,POL,2020-11-04,6102,227
Poland,POL,2020-11-05,6475,373
Poland,POL,2020-11-06,6842,367
Poland,POL,2020-11-07,7287,445
Poland,POL,2020-11-08,7636,349
Poland,POL,2020-11-09,7872,236
Poland,POL,2020-11-10,8045,173
Poland,POL,2020-11-11,8375,330
Poland,POL,2020-11-12,8805,430
Poland,POL,2020-11-13,9080,275
Poland,POL,2020-11-14,9499,419
Poland,POL,2020-11-15,10045,546
Poland,POL,2020-11-16,10348,303
Poland,POL,2020-11-17,10491,143
Poland,POL,2020-11-18,10848,357
Poland,POL,2020-11-19,11451,603
Poland,POL,2020-11-20,12088,637
Poland,POL,2020-11-21,12714,626
Poland,POL,2020-11-22,13288,574
Poland,POL,2020-11-23,13618,330
Poland,POL,2020-11-24,14346,728
Poland,POL,2020-11-25,15020,674
Poland,POL,2020-11-26,15600,580
Poland,POL,2020-11-27,16179,579
Poland,POL,2020-11-28,16778,599
Poland,POL,2020-11-29,17061,283
Poland,POL,2020-11-30,17182,121
Poland,POL,2020-12-01,17631,449
Poland,POL,2020-12-02,18240,609
Poland,POL,2020-12-03,18860,620
Poland,POL,2020-12-04,19391,531
Poland,POL,2020-12-05,19893,502
Poland,POL,2020-12-06,20121,228
Poland,POL,2020-12-07,20213,92
Poland,POL,2020-12-08,20624,411
Poland,POL,2020-12-09,21192,568
Poland,POL,2020-12-10,21662,470
Poland,POL,2020-12-11,22206,544
Poland,POL,2020-12-12,22708,502
Poland,POL,2020-12-13,22896,188
Poland,POL,2020-12-14,22992,96
Poland,POL,2020-12-15,23341,349
Poland,POL,2020-12-16,23946,605
Poland,POL,2020-12-17,24377,431
Poland,POL,2020-12-18,24803,426
Poland,POL,2020-12-19,25286,483
Poland,POL,2020-12-20,25429,143
Poland,POL,2020-12-21,25506,77
Poland,POL,2020-12-22,25815,309
Poland,POL,2020-12-23,26287,472
Poland,POL,2020-12-24,26839,552
Poland,POL,2020-12-25,27083,244
Poland,POL,2020-12-26,27151,68
Poland,POL,2020-12-27,27207,56
Poland,POL,2020-12-28,27234,27
Poland,POL,2020-12-29,27545,311
Poland,POL,2020-12-30,28110,565
Poland,POL,2020-12-31,28642,532
Poland,POL,2021-01-01,29042,400
Poland,POL,2021-01-02,29144,102
Poland,POL,2021-01-03,29205,61
Poland,POL,2021-01-04,29247,42
Poland,POL,2021-01-05,29588,341
Poland,POL,2021-01-06,30141,553
Poland,POL,2021-01-07,30327,186
Poland,POL,2021-01-08,30659,332
Poland,POL,2021-01-09,31097,438
Poland,POL,2021-01-10,31274,177
Poland,POL,2021-01-11,31349,75
Poland,POL,2021-01-12,31675,326
Poland,POL,2021-01-13,32156,481
Poland,POL,2021-01-14,32537,381
Poland,POL,2021-01-15,32923,386
Poland,POL,2021-01-16,33292,369
Poland,POL,2021-01-17,33434,142
Poland,POL,2021-01-18,33486,52
Poland,POL,2021-01-19,33777,291
Poland,POL,2021-01-20,34220,443
Poland,POL,2021-01-21,34639,419
Poland,POL,2021-01-22,34985,346
Poland,POL,2021-01-23,35331,346
Poland,POL,2021-01-24,35441,110
Poland,POL,2021-01-25,35479,38
Poland,POL,2021-01-26,35743,264
Poland,POL,2021-01-27,36132,389
Poland,POL,2021-01-28,36521,389
Poland,POL,2021-01-29,36857,336
Poland,POL,2021-01-30,37160,303
Poland,POL,2021-01-31,37258,98
Poland,POL,2021-02-01,37300,42
Poland,POL,2021-02-02,37553,253
Poland,POL,2021-02-03,37974,421
Poland,POL,2021-02-04,38418,444
Poland,POL,2021-02-05,38786,368
Poland,POL,2021-02-06,39069,283
Poland,POL,2021-02-07,39162,93
Poland,POL,2021-02-08,39207,45
Poland,POL,2021-02-09,39434,227
Poland,POL,2021-02-10,39794,360
Poland,POL,2021-02-11,40250,456
Poland,POL,2021-02-12,40497,247
Poland,POL,2021-02-13,40781,284
Poland,POL,2021-02-14,40879,98
Poland,POL,2021-02-15,40904,25
Poland,POL,2021-02-16,41100,196
Poland,POL,2021-02-17,41379,279
Poland,POL,2021-02-18,41652,273
Poland,POL,2021-02-19,41893,241
Poland,POL,2021-02-20,42147,254
Poland,POL,2021-02-21,42241,94
Poland,POL,2021-02-22,42258,17
Poland,POL,2021-02-23,42505,247
Poland,POL,2021-02-24,42877,372
Poland,POL,2021-02-25,43163,286
Poland,POL,2021-02-26,43422,259
Poland,POL,2021-02-27,43725,303
Poland,POL,2021-02-28,43839,114
Poland,POL,2021-03-01,43863,24
Poland,POL,2021-03-02,44079,216
Poland,POL,2021-03-03,44388,309
Poland,POL,2021-03-04,44677,289
Poland,POL,2021-03-05,44940,263
Poland,POL,2021-03-06,45185,245
Poland,POL,2021-03-07,45311,126
Poland,POL,2021-03-08,45343,32
Poland,POL,2021-03-09,45625,282
Poland,POL,2021-03-10,46023,398
Poland,POL,2021-03-11,46398,375
Poland,POL,2021-03-12,46749,351
Poland,POL,2021-03-13,47092,343
Poland,POL,2021-03-14,47202,110
Poland,POL,2021-03-15,47230,28
Poland,POL,2021-03-16,47602,372
Poland,POL,2021-03-17,48055,453
Poland,POL,2021-03-18,48411,356
Poland,POL,2021-03-19,48830,419
Poland,POL,2021-03-20,49179,349
Poland,POL,2021-03-21,49319,140
Poland,POL,2021-03-22,49384,65
Poland,POL,2021-03-23,49780,396
Poland,POL,2021-03-24,50355,575
Poland,POL,2021-03-25,50875,520
Poland,POL,2021-03-26,51318,443
Poland,POL,2021-03-27,51766,448
Poland,POL,2021-03-28,51897,131
Poland,POL,2021-03-29,51945,48
Poland,POL,2021-03-30,52406,461
Poland,POL,2021-03-31,53059,653
Poland,POL,2021-04-01,53680,621
Poland,POL,2021-04-02,54177,497
Poland,POL,2021-04-03,54748,571
Poland,POL,2021-04-04,54952,204
Poland,POL,2021-04-05,55016,64
Poland,POL,2021-04-06,55076,60
Poland,POL,2021-04-07,55714,638
Poland,POL,2021-04-08,56668,954
Poland,POL,2021-04-09,57436,768
Poland,POL,2021-04-10,58185,749
Poland,POL,2021-04-11,58430,245
Poland,POL,2021-04-12,58491,61
Poland,POL,2021-04-13,59135,644
Poland,POL,2021-04-14,59938,803
Poland,POL,2021-04-15,60620,682
Poland,POL,2021-04-16,61215,595
Poland,POL,2021-04-17,61831,616
Poland,POL,2021-04-18,62038,207
Poland,POL,2021-04-19,62139,101
Poland,POL,2021-04-20,62740,601
Poland,POL,2021-04-21,63480,740
Poland,POL,2021-04-22,64174,694
Poland,POL,2021-04-23,64713,539
Poland,POL,2021-04-24,65226,513
Poland,POL,2021-04-25,65419,193
Poland,POL,2021-04-26,65441,22
Poland,POL,2021-04-27,65901,460
Poland,POL,2021-04-28,66537,636
Poland,POL,2021-04-29,67078,541
Poland,POL,2021-04-30,67507,429
Poland,POL,2021-05-01,67930,423
Poland,POL,2021-05-02,68074,144
Poland,POL,2021-05-03,68111,37
Poland,POL,2021-05-04,68139,28
Poland,POL,2021-05-05,68488,349
Poland,POL,2021-05-06,68998,510
Poland,POL,2021-05-07,69451,453
Poland,POL,2021-05-08,69872,421
Poland,POL,2021-05-09,70019,147
Poland,POL,2021-05-10,70041,22
Poland,POL,2021-05-11,70360,319
Poland,POL,2021-05-12,70703,343
Poland,POL,2021-05-13,71045,342
Poland,POL,2021-05-14,71334,289
Poland,POL,2021-05-15,71632,298
Poland,POL,2021-05-16,71687,55
Poland,POL,2021-05-17,71698,11
Poland,POL,2021-05-18,71943,245
Poland,POL,2021-05-19,72272,329
Poland,POL,2021-05-20,72522,250
Poland,POL,2021-05-21,72713,191
Poland,POL,2021-05-22,72904,191
Poland,POL,2021-05-23,72950,46
Poland,POL,2021-05-24,72967,17
Poland,POL,2021-05-25,73118,151
Poland,POL,2021-05-26,73327,209
Poland,POL,2021-05-27,73462,135
Poland,POL,2021-05-28,73579,117
Poland,POL,2021-05-29,73704,125
Poland,POL,2021-05-30,73760,56
Poland,POL,2021-05-31,73767,7
Poland,POL,2021-06-01,73878,111
Poland,POL,2021-06-02,74006,128
Poland,POL,2021-06-03,74097,91
Poland,POL,2021-06-04,74123,26
Poland,POL,2021-06-05,74161,38
Poland,POL,2021-06-06,74174,13
Poland,POL,2021-06-07,74182,8
Poland,POL,2021-06-08,74277,95
Poland,POL,2021-06-09,74385,108
Poland,POL,2021-06-10,74469,84
Poland,POL,2021-06-11,74537,68
Poland,POL,2021-06-12,74584,47
Poland,POL,2021-06-13,74595,11
Poland,POL,2021-06-14,74596,1
Poland,POL,2021-06-15,74648,52
Poland,POL,2021-06-16,74710,62
Poland,POL,2021-06-17,74756,46
Poland,POL,2021-06-18,74804,48
Poland,POL,2021-06-19,74845,41
Poland,POL,2021-06-20,74850,5
Poland,POL,2021-06-21,74851,1
Poland,POL,2021-06-22,74880,29
Poland,POL,2021-06-23,74915,35
Poland,POL,2021-06-24,74939,24
Poland,POL,2021-06-25,74975,36
Poland,POL,2021-06-26,74996,21
Poland,POL,2021-06-27,75001,5
Poland,POL,2021-06-28,75001,0
Poland,POL,2021-06-29,75027,26
Poland,POL,2021-06-30,75043,16
Poland,POL,2021-07-01,75066,23
Poland,POL,2021-07-02,75087,21
Poland,POL,2021-07-03,75105,18
Poland,POL,2021-07-04,75106,1
Poland,POL,2021-07-05,75107,1
Poland,POL,2021-07-06,75117,10
Poland,POL,2021-07-07,75134,17
Poland,POL,2021-07-08,75153,19
Poland,POL,2021-07-09,75170,17
Poland,POL,2021-07-10,75177,7
Poland,POL,2021-07-11,75178,1
Poland,POL,2021-07-12,75178,0
Poland,POL,2021-07-13,75191,13
Poland,POL,2021-07-14,75197,6
Poland,POL,2021-07-15,75209,12
Poland,POL,2021-07-16,75223,14
Poland,POL,2021-07-17,75230,7
Poland,POL,2021-07-18,75233,3
Poland,POL,2021-07-19,75233,0
Poland,POL,2021-07-20,75237,4
Poland,POL,2021-07-21,75240,3
Poland,POL,2021-07-22,75249,9
Poland,POL,2021-07-23,75253,4
Poland,POL,2021-07-24,75259,6
Poland,POL,2021-07-25,75260,1
Poland,POL,2021-07-26,75260,0
Poland,POL,2021-07-27,75267,7
Poland,POL,2021-07-28,75270,3
Poland,POL,2021-07-29,75275,5
Poland,POL,2021-07-30,75277,2
Poland,POL,2021-07-31,75279,2
Poland,POL,2021-08-01,75279,0
Poland,POL,2021-08-02,75279,0
Poland,POL,2021-08-03,75283,4
Poland,POL,2021-08-04,75287,4
Poland,POL,2021-08-05,75293,6
Poland,POL,2021-08-06,75299,6
Poland,POL,2021-08-07,75303,4
Poland,POL,2021-08-08,75303,0
Poland,POL,2021-08-09,75303,0
Poland,POL,2021-08-10,75303,0
Poland,POL,2021-08-11,75307,4
Poland,POL,2021-08-12,75309,2
Poland,POL,2021-08-13,75315,6
Poland,POL,2021-08-14,75317,2
Poland,POL,2021-08-15,75317,0
Poland,POL,2021-08-16,75317,0
Poland,POL,2021-08-17,75324,7
Poland,POL,2021-08-18,75325,1
Poland,POL,2021-08-19,75329,4
Poland,POL,2021-08-20,75333,4
Poland,POL,2021-08-21,75334,1
Poland,POL,2021-08-22,75334,0
Poland,POL,2021-08-23,75334,0
Poland,POL,2021-08-24,75342,8
Poland,POL,2021-08-25,75347,5
Poland,POL,2021-08-26,75350,3
Poland,POL,2021-08-27,75353,3
Poland,POL,2021-08-28,75358,5
Poland,POL,2021-08-29,75358,0
Poland,POL,2021-08-30,75358,0
Poland,POL,2021-08-31,75363,5
Poland,POL,2021-09-01,75376,13
Poland,POL,2021-09-02,75383,7
Poland,POL,2021-09-03,75388,5
Poland,POL,2021-09-04,75395,7
Poland,POL,2021-09-05,75395,0
Poland,POL,2021-09-06,75395,0
Poland,POL,2021-09-07,75408,13
Poland,POL,2021-09-08,75419,11
Poland,POL,2021-09-09,75425,6
Poland,POL,2021-09-10,75433,8
Poland,POL,2021-09-11,75441,8
Poland,POL,2021-09-12,75441,0
Poland,POL,2021-09-13,75441,0
Poland,POL,2021-09-14,75449,8
Poland,POL,2021-09-15,75470,21
Poland,POL,2021-09-16,75480,10
Poland,POL,2021-09-17,75488,8
Poland,POL,2021-09-18,75502,14
Poland,POL,2021-09-19,75503,1
Poland,POL,2021-09-20,75503,0
Poland,POL,2021-09-21,75518,15
Poland,POL,2021-09-22,75538,20
Poland,POL,2021-09-23,75552,14
Poland,POL,2021-09-24,75566,14
Poland,POL,2021-09-25,75586,20
Poland,POL,2021-09-26,75587,1
Poland,POL,2021-09-27,75587,0
Poland,POL,2021-09-28,75616,29
Poland,POL,2021-09-29,75638,22
Poland,POL,2021-09-30,75665,27
Poland,POL,2021-10-01,75681,16
Poland,POL,2021-10-02,75704,23
Poland,POL,2021-10-03,75710,6
Poland,POL,2021-10-04,75710,0
Poland,POL,2021-10-05,75756,46
Poland,POL,2021-10-06,75789,33
Poland,POL,2021-10-07,75818,29
Poland,POL,2021-10-08,75849,31
Poland,POL,2021-10-09,75878,29
Poland,POL,2021-10-10,75883,5
Poland,POL,2021-10-11,75883,0
Poland,POL,2021-10-12,75932,49
Poland,POL,2021-10-13,75972,40
Poland,POL,2021-10-14,76032,60
Poland,POL,2021-10-15,76081,49
Poland,POL,2021-10-16,76125,44
Poland,POL,2021-10-17,76126,1
Poland,POL,2021-10-18,76129,3
Poland,POL,2021-10-19,76193,64
Poland,POL,2021-10-20,76268,75
Poland,POL,2021-10-21,76314,46
Poland,POL,2021-10-22,76373,59
Poland,POL,2021-10-23,76448,75
Poland,POL,2021-10-24,76461,13
Poland,POL,2021-10-25,76461,0
Poland,POL,2021-10-26,76554,93
Poland,POL,2021-10-27,76687,133
Poland,POL,2021-10-28,76788,101
Poland,POL,2021-10-29,76890,102
Poland,POL,2021-10-30,77005,115
Poland,POL,2021-10-31,77014,9
Poland,POL,2021-11-01,77027,13
Poland,POL,2021-11-02,77036,9
Poland,POL,2021-11-03,77160,124
Poland,POL,2021-11-04,77410,250
Poland,POL,2021-11-05,77562,152
Poland,POL,2021-11-06,77748,186
Poland,POL,2021-11-07,77772,24
Poland,POL,2021-11-08,77775,3
Poland,POL,2021-11-09,77995,220
Poland,POL,2021-11-10,78264,269
Poland,POL,2021-11-11,78538,274
Poland,POL,2021-11-12,78569,31
Poland,POL,2021-11-13,78835,266
Poland,POL,2021-11-14,78881,46
Poland,POL,2021-11-15,78893,12
Poland,POL,2021-11-16,79175,282
Poland,POL,2021-11-17,79638,463
Poland,POL,2021-11-18,80008,370
Poland,POL,2021-11-19,80411,403
Poland,POL,2021-11-20,80793,382
Poland,POL,2021-11-21,80834,41
Poland,POL,2021-11-22,80842,8
Poland,POL,2021-11-23,81240,398
Poland,POL,2021-11-24,81700,460
Poland,POL,2021-11-25,82197,497
Poland,POL,2021-11-26,82618,421
Poland,POL,2021-11-27,82996,378
Poland,POL,2021-11-28,83047,51
Poland,POL,2021-11-29,83065,18
Poland,POL,2021-11-30,83591,526
Poland,POL,2021-12-01,84161,570
Poland,POL,2021-12-02,84663,502
Poland,POL,2021-12-03,85133,470
Poland,POL,2021-12-04,85635,502
Poland,POL,2021-12-05,85680,45
Poland,POL,2021-12-06,85705,25
Poland,POL,2021-12-07,86209,504
Poland,POL,2021-12-08,86801,592
Poland,POL,2021-12-09,87363,562
Poland,POL,2021-12-10,87934,571
Poland,POL,2021-12-11,88420,486
Poland,POL,2021-12-12,88485,65
Poland,POL,2021-12-13,88514,29
Poland,POL,2021-12-14,89051,537
Poland,POL,2021-12-15,89720,669
Poland,POL,2021-12-16,90312,592
Poland,POL,2021-12-17,90878,566
Poland,POL,2021-12-18,91421,543
Poland,POL,2021-12-19,91491,70
Poland,POL,2021-12-20,91520,29
Poland,POL,2021-12-21,92058,538
Poland,POL,2021-12-22,92833,775
Poland,POL,2021-12-23,93449,616
Poland,POL,2021-12-24,94045,596
Poland,POL,2021-12-25,94314,269
Poland,POL,2021-12-26,94330,16
Poland,POL,2021-12-27,94368,38
Poland,POL,2021-12-28,94917,549
Poland,POL,2021-12-29,95711,794
Poland,POL,2021-12-30,96420,709
Poland,POL,2021-12-31,97058,638
Poland,POL,2022-01-01,97563,505
Poland,POL,2022-01-02,97596,33
Poland,POL,2022-01-03,97605,9
Poland,POL,2022-01-04,98038,433
Poland,POL,2022-01-05,98670,632
Poland,POL,2022-01-06,99316,646
Poland,POL,2022-01-07,99433,117
Poland,POL,2022-01-08,99725,292
Poland,POL,2022-01-09,99747,22
Poland,POL,2022-01-10,99766,19
Poland,POL,2022-01-11,100259,493
Poland,POL,2022-01-12,100943,684
Poland,POL,2022-01-13,101424,481
Poland,POL,2022-01-14,101847,423
Poland,POL,2022-01-15,102276,429
Poland,POL,2022-01-16,102311,35
Poland,POL,2022-01-17,102315,4
Poland,POL,2022-01-18,102692,377
Poland,POL,2022-01-19,103067,375
Poland,POL,2022-01-20,103382,315
Poland,POL,2022-01-21,103630,248
Poland,POL,2022-01-22,103823,193
Poland,POL,2022-01-23,103848,25
Poland,POL,2022-01-24,103850,2
Poland,POL,2022-01-25,104102,252
Poland,POL,2022-01-26,104378,276
Poland,POL,2022-01-27,104640,262
Poland,POL,2022-01-28,104911,271
Poland,POL,2022-01-29,105142,231
Poland,POL,2022-01-30,105165,23
Poland,POL,2022-01-31,105198,33
Poland,POL,2022-02-01,105437,239
Poland,POL,2022-02-02,105755,318
Poland,POL,2022-02-03,106062,307
Poland,POL,2022-02-04,106308,246
Poland,POL,2022-02-05,106580,272
Poland,POL,2022-02-06,106599,19
Poland,POL,2022-02-07,106609,10
Poland,POL,2022-02-08,106895,286
Poland,POL,2022-02-09,107205,310
Poland,POL,2022-02-10,107467,262
Poland,POL,2022-02-11,107757,290
Poland,POL,2022-02-12,108090,333
Poland,POL,2022-02-13,108121,31
Poland,POL,2022-02-14,108138,17
Poland,POL,2022-02-15,108516,378
Poland,POL,2022-02-16,108888,372
Poland,POL,2022-02-17,109204,316
Poland,POL,2022-02-18,109508,304
Poland,POL,2022-02-19,109791,283
Poland,POL,2022-02-20,109816,25
Poland,POL,2022-02-21,109832,16
Poland,POL,2022-02-22,110157,325
Poland,POL,2022-02-23,110517,360
Poland,POL,2022-02-24,110858,341
Poland,POL,2022-02-25,111056,198
Poland,POL,2022-02-26,111277,221
Poland,POL,2022-02-27,111317,40
Poland,POL,2022-02-28,111318,1
Poland,POL,2022-03-01,111587,269
Poland,POL,2022-03-02,111864,277
Poland,POL,2022-03-03,112130,266
Poland,POL,2022-03-04,112336,206
Poland,POL,2022-03-05,112535,199
Poland,POL,2022-03-06,112545,10
Poland,POL,2022-03-07,112551,6
Poland,POL,2022-03-08,112768,217
Poland,POL,2022-03-09,113002,234
Poland,POL,2022-03-10,113186,184
Poland,POL,2022-03-11,113307,121
Poland,POL,2022-03-12,113434,127
Poland,POL,2022-03-13,113444,10
Poland,POL,2022-03-14,113445,1
Poland,POL,2022-03-15,113623,178
Poland,POL,2022-03-16,113774,151
Poland,POL,2022-03-17,113981,207
Poland,POL,2022-03-18,114088,107
Poland,POL,2022-03-19,114207,119
Poland,POL,2022-03-20,114219,12
Poland,POL,2022-03-21,114222,3
Poland,POL,2022-03-22,114355,133
Poland,POL,2022-03-23,114479,124
Poland,POL,2022-03-24,114625,146
Poland,POL,2022-03-25,114735,110
Poland,POL,2022-03-26,114820,85
Poland,POL,2022-03-27,114827,7
Poland,POL,2022-03-28,114828,1
Poland,POL,2022-03-29,114938,110
Poland,POL,2022-03-30,115039,101
Poland,POL,2022-03-31,115172,133
Poland,POL,2022-04-01,115246,74
Poland,POL,2022-04-02,115342,96
Poland,POL,2022-04-03,115344,2
Poland,POL,2022-04-04,115344,0
Poland,POL,2022-04-05,115394,50
Poland,POL,2022-04-06,115471,77
Poland,POL,2022-04-07,115535,64
Poland,POL,2022-04-08,115593,58
Poland,POL,2022-04-09,115634,41
Poland,POL,2022-04-10,115634,0
Poland,POL,2022-04-11,115634,0
Poland,POL,2022-04-12,115695,61
Poland,POL,2022-04-13,115735,40
Poland,POL,2022-04-14,115774,39
Poland,POL,2022-04-15,115808,34
Poland,POL,2022-04-16,115837,29
Poland,POL,2022-04-17,115837,0
Poland,POL,2022-04-18,115837,0
Poland,POL,2022-04-19,115837,0
Poland,POL,2022-04-20,115868,31
Poland,POL,2022-04-21,115898,30
Poland,POL,2022-04-22,115925,27
Poland,POL,2022-04-23,115947,22
Poland,POL,2022-04-24,115947,0
Poland,POL,2022-04-25,115947,0
Poland,POL,2022-04-26,115976,29
Poland,POL,2022-04-27,115997,21
Poland,POL,2022-04-28,116021,24
Poland,POL,2022-04-29,116041,20
Poland,POL,2022-04-30,116058,17
Poland,POL,2022-05-01,116058,0
Poland,POL,2022-05-02,116058,0
Poland,POL,2022-05-03,116068,10
Poland,POL,2022-05-04,116069,1
Poland,POL,2022-05-05,116098,29
Poland,POL,2022-05-06,116123,25
Poland,POL,2022-05-07,116137,14
Poland,POL,2022-05-08,116137,0
Poland,POL,2022-05-09,116137,0
Poland,POL,2022-05-10,116149,12
Poland,POL,2022-05-11,116164,15
Poland,POL,2022-05-12,116175,11
Poland,POL,2022-05-13,116186,11
Poland,POL,2022-05-14,116207,21
Poland,POL,2022-05-15,116207,0
Poland,POL,2022-05-16,116207,0
Poland,POL,2022-05-17,116217,10
Poland,POL,2022-05-18,116230,13
Poland,POL,2022-05-19,116242,12
Poland,POL,2022-05-20,116255,13
Poland,POL,2022-05-21,116268,13
Poland,POL,2022-05-22,116268,0
Poland,POL,2022-05-23,116268,0
Poland,POL,2022-05-24,116284,16
Poland,POL,2022-05-25,116290,6
Poland,POL,2022-05-26,116299,9
Poland,POL,2022-05-27,116305,6
Poland,POL,2022-05-28,116311,6
Poland,POL,2022-05-29,116311,0
Poland,POL,2022-05-30,116311,0
Poland,POL,2022-05-31,116318,7
Poland,POL,2022-06-01,116325,7
Poland,POL,2022-06-02,116332,7
Poland,POL,2022-06-03,116336,4
Poland,POL,2022-06-04,116347,11
Poland,POL,2022-06-05,116347,0
Poland,POL,2022-06-06,116347,0
Poland,POL,2022-06-07,116353,6
Poland,POL,2022-06-08,116360,7
Poland,POL,2022-06-09,116366,6
Poland,POL,2022-06-10,116367,1
Poland,POL,2022-06-11,116369,2
Poland,POL,2022-06-12,116369,0
Poland,POL,2022-06-13,116369,0
Poland,POL,2022-06-14,116378,9
Poland,POL,2022-06-15,116385,7
Poland,POL,2022-06-16,116388,3
Poland,POL,2022-06-17,116388,0
Poland,POL,2022-06-18,116391,3
Poland,POL,2022-06-19,116391,0
Poland,POL,2022-06-20,116391,0
Poland,POL,2022-06-21,116398,7
Poland,POL,2022-06-22,116402,4
Poland,POL,2022-06-23,116403,1
Poland,POL,2022-06-24,116410,7
Poland,POL,2022-06-25,116415,5
Poland,POL,2022-06-26,116415,0
Poland,POL,2022-06-27,116415,0
Poland,POL,2022-06-28,116418,3
Poland,POL,2022-06-29,116422,4
Poland,POL,2022-06-30,116422,0
Poland,POL,2022-07-01,116427,5
Poland,POL,2022-07-02,116433,6
Poland,POL,2022-07-03,116433,0
Poland,POL,2022-07-04,116433,0
Poland,POL,2022-07-05,116435,2
Poland,POL,2022-07-06,116438,3
Poland,POL,2022-07-07,116447,9
Poland,POL,2022-07-08,116447,0
Poland,POL,2022-07-09,116451,4
Poland,POL,2022-07-10,116451,0
Poland,POL,2022-07-11,116451,0
Poland,POL,2022-07-12,116456,5
Poland,POL,2022-07-13,116462,6
Poland,POL,2022-07-14,116466,4
Poland,POL,2022-07-15,116468,2
Poland,POL,2022-07-16,116468,0
Poland,POL,2022-07-17,116468,0
Poland,POL,2022-07-18,116468,0
Poland,POL,2022-07-19,116473,5
Poland,POL,2022-07-20,116484,11
Poland,POL,2022-07-21,116490,6
Poland,POL,2022-07-22,116496,6
Poland,POL,2022-07-23,116508,12
Poland,POL,2022-07-24,116508,0
Poland,POL,2022-07-25,116508,0
Poland,POL,2022-07-26,116522,14
Poland,POL,2022-07-27,116533,11
Poland,POL,2022-07-28,116545,12
Poland,POL,2022-07-29,116554,9
Poland,POL,2022-07-30,116568,14
Poland,POL,2022-07-31,116568,0
Poland,POL,2022-08-01,116568,0
Poland,POL,2022-08-02,116590,22
Poland,POL,2022-08-03,116606,16
Poland,POL,2022-08-04,116626,20
Poland,POL,2022-08-05,116643,17
Poland,POL,2022-08-06,116658,15
Poland,POL,2022-08-07,116658,0
Poland,POL,2022-08-08,116658,0
Poland,POL,2022-08-09,116684,26
Poland,POL,2022-08-10,116715,31
Poland,POL,2022-08-11,116735,20
Poland,POL,2022-08-12,116749,14
Poland,POL,2022-08-13,116771,22
Poland,POL,2022-08-14,116771,0
Poland,POL,2022-08-15,116771,0
Poland,POL,2022-08-16,116771,0
Poland,POL,2022-08-17,116796,25
Poland,POL,2022-08-18,116824,28
Poland,POL,2022-08-19,116858,34
Poland,POL,2022-08-20,116879,21
Poland,POL,2022-08-21,116879,0
Poland,POL,2022-08-22,116879,0
Poland,POL,2022-08-23,116907,28
Poland,POL,2022-08-24,116934,27
Poland,POL,2022-08-25,116965,31
Poland,POL,2022-08-26,117005,40
Poland,POL,2022-08-27,117028,23
Poland,POL,2022-08-28,117028,0
Poland,POL,2022-08-29,117028,0
Poland,POL,2022-08-30,117057,29
Poland,POL,2022-08-31,117091,34
Poland,POL,2022-09-01,117117,26
Poland,POL,2022-09-02,117128,11
Poland,POL,2022-09-03,117151,23
Poland,POL,2022-09-04,117151,0
Poland,POL,2022-09-05,117151,0
Poland,POL,2022-09-06,117172,21
Poland,POL,2022-09-07,117192,20
Poland,POL,2022-09-08,117217,25
Poland,POL,2022-09-09,117231,14
Poland,POL,2022-09-10,117250,19
Poland,POL,2022-09-11,117250,0
Poland,POL,2022-09-12,117250,0
Poland,POL,2022-09-13,117278,28
Poland,POL,2022-09-14,117297,19
Poland,POL,2022-09-15,117314,17
Poland,POL,2022-09-16,117339,25
Poland,POL,2022-09-17,117349,10
Poland,POL,2022-09-18,117349,0
Poland,POL,2022-09-19,117349,0
Poland,POL,2022-09-20,117365,16
Poland,POL,2022-09-21,117390,25
Poland,POL,2022-09-22,117411,21
Poland,POL,2022-09-23,117430,19
Poland,POL,2022-09-24,117455,25
Poland,POL,2022-09-25,117455,0
Poland,POL,2022-09-26,117455,0
Poland,POL,2022-09-27,117480,25
Poland,POL,2022-09-28,117508,28
Poland,POL,2022-09-29,117538,30
Poland,POL,2022-09-30,117568,30
Poland,POL,2022-10-01,117597,29
Poland,POL,2022-10-02,117597,0
Poland,POL,2022-10-03,117597,0
Poland,POL,2022-10-04,117630,33
Poland,POL,2022-10-05,117659,29
Poland,POL,2022-10-06,117701,42
Poland,POL,2022-10-07,117742,41
Poland,POL,2022-10-08,117755,13
Poland,POL,2022-10-09,117755,0
Poland,POL,2022-10-10,117755,0
Poland,POL,2022-10-11,117800,45
Poland,POL,2022-10-12,117822,22
Poland,POL,2022-10-13,117846,24
Poland,POL,2022-10-14,117868,22
Poland,POL,2022-10-15,117899,31
Poland,POL,2022-10-16,117899,0
Poland,POL,2022-10-17,117899,0
Poland,POL,2022-10-18,117930,31
Poland,POL,2022-10-19,117972,42
Poland,POL,2022-10-20,117990,18
Poland,POL,2022-10-21,118014,24
Poland,POL,2022-10-22,118028,14
Poland,POL,2022-10-23,118028,0
Poland,POL,2022-10-24,118028,0
Poland,POL,2022-10-25,118049,21
Poland,POL,2022-10-26,118072,23
Poland,POL,2022-10-27,118094,22
Poland,POL,2022-10-28,118106,12
Poland,POL,2022-10-29,118123,17
Poland,POL,2022-10-30,118123,0
Poland,POL,2022-10-31,118123,0
Poland,POL,2022-11-01,118130,7
Poland,POL,2022-11-02,118130,0
Poland,POL,2022-11-03,118142,12
Poland,POL,2022-11-04,118156,14
Poland,POL,2022-11-05,118169,13
Poland,POL,2022-11-06,118169,0
Poland,POL,2022-11-07,118169,0
Poland,POL,2022-11-08,118177,8
Poland,POL,2022-11-09,118194,17
Poland,POL,2022-11-10,118204,10
Poland,POL,2022-11-11,118209,5
Poland,POL,2022-11-12,118209,0
Poland,POL,2022-11-13,118209,0
Poland,POL,2022-11-14,118209,0
Poland,POL,2022-11-15,118226,17
Poland,POL,2022-11-16,118241,15
Poland,POL,2022-11-17,118251,10
Poland,POL,2022-11-18,118266,15
Poland,POL,2022-11-19,118273,7
Poland,POL,2022-11-20,118273,0
Poland,POL,2022-11-21,118273,0
Poland,POL,2022-11-22,118281,8
Poland,POL,2022-11-23,118291,10
Poland,POL,2022-11-24,118295,4
Poland,POL,2022-11-25,118297,2
Poland,POL,2022-11-26,118305,8
Poland,POL,2022-11-27,118305,0
Poland,POL,2022-11-28,118305,0
Poland,POL,2022-11-29,118312,7
Poland,POL,2022-11-30,118318,6
Poland,POL,2022-12-01,118327,9
Poland,POL,2022-12-02,118331,4
Poland,POL,2022-12-03,118339,8
Poland,POL,2022-12-04,118339,0
Poland,POL,2022-12-05,118339,0
Poland,POL,2022-12-06,118346,7
Poland,POL,2022-12-07,118350,4
Poland,POL,2022-12-08,118365,15
Poland,POL,2022-12-09,118371,6
Poland,POL,2022-12-10,118382,11
Poland,POL,2022-12-11,118382,0
Poland,POL,2022-12-12,118382,0
Poland,POL,2022-12-13,118389,7
Poland,POL,2022-12-14,118395,6
Poland,POL,2022-12-15,118412,17
Poland,POL,2022-12-16,118419,7
Poland,POL,2022-12-17,118429,10
Poland,POL,2022-12-18,118429,0
Poland,POL,2022-12-19,118429,0
Poland,POL,2022-12-20,118436,7
Poland,POL,2022-12-21,118448,12
Poland,POL,2022-12-22,118452,4
Poland,POL,2022-12-23,118467,15
Poland,POL,2022-12-24,118475,8
Poland,POL,2022-12-25,118475,0
Poland,POL,2022-12-26,118475,0
Poland,POL,2022-12-27,118475,0
Poland,POL,2022-12-28,118481,6
Poland,POL,2022-12-29,118503,22
Poland,POL,2022-12-30,118512,9
Poland,POL,2022-12-31,118533,21
Poland,POL,2023-01-01,118533,0
Poland,POL,2023-01-02,118533,0
Poland,POL,2023-01-03,118546,13
Poland,POL,2023-01-04,118555,9
Poland,POL,2023-01-05,118567,12
Poland,POL,2023-01-06,118586,19
Poland,POL,2023-01-07,118586,0
Poland,POL,2023-01-08,118586,0
Poland,POL,2023-01-09,118586,0
Poland,POL,2023-01-10,118601,15
Poland,POL,2023-01-11,118615,14
Poland,POL,2023-01-12,118633,18
Poland,POL,2023-01-13,118640,7
Poland,POL,2023-01-14,118651,11
Poland,POL,2023-01-15,118651,0
Poland,POL,2023-01-16,118651,0
Poland,POL,2023-01-17,118660,9
Poland,POL,2023-01-18,118666,6
Poland,POL,2023-01-19,118675,9
Poland,POL,2023-01-20,118678,3
Poland,POL,2023-01-21,118681,3
Poland,POL,2023-01-22,118681,0
Poland,POL,2023-01-23,118681,0
Poland,POL,2023-01-24,118696,15
Poland,POL,2023-01-25,118702,6
Poland,POL,2023-01-26,118705,3
Poland,POL,2023-01-27,118713,8
Poland,POL,2023-01-28,118715,2
Poland,POL,2023-01-29,118715,0
Poland,POL,2023-01-30,118715,0
Poland,POL,2023-01-31,118727,12
Poland,POL,2023-02-01,118736,9
Poland,POL,2023-02-02,118740,4
Poland,POL,2023-02-03,118743,3
Poland,POL,2023-02-04,118748,5
Poland,POL,2023-02-05,118748,0
Poland,POL,2023-02-06,118748,0
Poland,POL,2023-02-07,118754,6
Poland,POL,2023-02-08,118762,8
Poland,POL,2023-02-09,118767,5
Poland,POL,2023-02-10,118775,8
Poland,POL,2023-02-11,118779,4
Poland,POL,2023-02-12,118779,0
Poland,POL,2023-02-13,118779,0
Poland,POL,2023-02-14,118785,6
Poland,POL,2023-02-15,118800,15
Poland,POL,2023-02-16,118809,9
Poland,POL,2023-02-17,118817,8
Poland,POL,2023-02-18,118826,9
Poland,POL,2023-02-19,118826,0
Poland,POL,2023-02-20,118826,0
Poland,POL,2023-02-21,118833,7
Poland,POL,2023-02-22,118840,7
Poland,POL,2023-02-23,118850,10
Poland,POL,2023-02-24,118860,10
Poland,POL,2023-02-25,118868,8
Poland,POL,2023-02-26,118868,0
Poland,POL,2023-02-27,118868,0
Poland,POL,2023-02-28,118884,16
Poland,POL,2023-03-01,118898,14
Poland,POL,2023-03-02,118924,26
Poland,POL,2023-03-03,118941,17
Poland,POL,2023-03-04,118952,11
Poland,POL,2023-03-05,118952,0
Poland,POL,2023-03-06,118952,0
Poland,POL,2023-03-07,118970,18
Poland,POL,2023-03-08,118989,19
Poland,POL,2023-03-09,119010,21
Poland,POL,2023-03-10,119016,6
Poland,POL,2023-03-11,119030,14
Poland,POL,2023-03-12,119030,0
Poland,POL,2023-03-13,119030,0
Poland,POL,2023-03-14,119046,16
Poland,POL,2023-03-15,119072,26
Poland,POL,2023-03-16,119101,29
Poland,POL,2023-03-17,119109,8
Poland,POL,2023-03-18,119136,27
Poland,POL,2023-03-19,119136,0
Poland,POL,2023-03-20,119138,2
Poland,POL,2023-03-21,119170,32
Poland,POL,2023-03-22,119199,29
Poland,POL,2023-03-23,119216,17
Poland,POL,2023-03-24,119231,15
Poland,POL,2023-03-25,119244,13
Poland,POL,2023-03-26,119245,1
Poland,POL,2023-03-27,119245,0
Poland,POL,2023-03-28,119265,20
Poland,POL,2023-03-29,119296,31
Poland,POL,2023-03-30,119330,34
Poland,POL,2023-03-31,119346,16
Poland,POL,2023-04-01,119361,15
Poland,POL,2023-04-02,119361,0
Poland,POL,2023-04-03,119361,0
Poland,POL,2023-04-04,119378,17
Poland,POL,2023-04-05,119391,13
Poland,POL,2023-04-06,119406,15
Poland,POL,2023-04-07,119419,13
Poland,POL,2023-04-08,119423,4
Poland,POL,2023-04-09,119423,0
Poland,POL,2023-04-10,119423,0
Poland,POL,2023-04-11,119423,0
Poland,POL,2023-04-12,119432,9
Poland,POL,2023-04-13,119453,21
Poland,POL,2023-04-14,119467,14
Poland,POL,2023-04-15,119480,13
Poland,POL,2023-04-16,119482,2
Poland,POL,2023-04-17,119482,0
Poland,POL,2023-04-18,119494,12
Poland,POL,2023-04-19,119496,2
Poland,POL,2023-04-20,119504,8
Poland,POL,2023-04-21,119513,9
Poland,POL,2023-04-22,119520,7
Poland,POL,2023-04-23,119520,0
Poland,POL,2023-04-24,119520,0
Poland,POL,2023-04-25,119531,11
Poland,POL,2023-04-26,119540,9
Poland,POL,2023-04-27,119546,6
Poland,POL,2023-04-28,119551,5
Poland,POL,2023-04-29,119555,4
Poland,POL,2023-04-30,119555,0
Poland,POL,2023-05-01,119555,0
Poland,POL,2023-05-02,119555,0
Poland,POL,2023-05-03,119557,2
Poland,POL,2023-05-04,119557,0
Poland,POL,2023-05-05,119559,2
Poland,POL,2023-05-06,119563,4
Poland,POL,2023-05-07,119563,0
Poland,POL,2023-05-08,119563,0
Poland,POL,2023-05-09,119568,5
Poland,POL,2023-05-10,119574,6
Poland,POL,2023-05-11,119575,1
Poland,POL,2023-05-12,119581,6
Poland,POL,2023-05-13,119585,4
Poland,POL,2023-05-14,119585,0
Poland,POL,2023-05-15,119585,0
Poland,POL,2023-05-16,119590,5
Poland,POL,2023-05-17,119594,4
Poland,POL,2023-05-18,119595,1
Poland,POL,2023-05-19,119595,0
Poland,POL,2023-05-20,119596,1
Poland,POL,2023-05-21,119596,0
Poland,POL,2023-05-22,119596,0
Poland,POL,2023-05-23,119600,4
Poland,POL,2023-05-24,119603,3
Poland,POL,2023-05-25,119606,3
Poland,POL,2023-05-26,119608,2
Poland,POL,2023-05-27,119609,1
Poland,POL,2023-05-28,119609,0
Poland,POL,2023-05-29,119609,0
Poland,POL,2023-05-30,119610,1
Poland,POL,2023-05-31,119610,0
Poland,POL,2023-06-01,119615,5
Poland,POL,2023-06-02,119615,0
Poland,POL,2023-06-03,119617,2
Poland,POL,2023-06-04,119617,0
Poland,POL,2023-06-05,119617,0
Poland,POL,2023-06-06,119617,0
Poland,POL,2023-06-07,119619,2
Poland,POL,2023-06-08,119621,2
Poland,POL,2023-06-09,119621,0
Poland,POL,2023-06-10,119622,1
Poland,POL,2023-06-11,119622,0
Poland,POL,2023-06-12,119622,0
Poland,POL,2023-06-13,119622,0
Poland,POL,2023-06-14,119622,0
Poland,POL,2023-06-15,119622,0
Poland,POL,2023-06-16,119622,0
Poland,POL,2023-06-17,119623,1
Poland,POL,2023-06-18,119623,0
Poland,POL,2023-06-19,119623,0
Poland,POL,2023-06-20,119624,1
Poland,POL,2023-06-21,119624,0
Poland,POL,2023-06-22,119624,0
Poland,POL,2023-06-23,119624,0
Poland,POL,2023-06-24,119624,0
Poland,POL,2023-06-25,119624,0
Poland,POL,2023-06-26,119624,0
Poland,POL,2023-06-27,119624,0
Poland,POL,2023-06-28,119624,0
Poland,POL,2023-06-29,119626,2
Poland,POL,2023-06-30,119626,0
Poland,POL,2023-07-01,119627,1
Poland,POL,2023-07-02,119627,0
Poland,POL,2023-07-03,119627,0
Poland,POL,2023-07-04,119627,0
Poland,POL,2023-07-05,119629,2
Poland,POL,2023-07-06,119630,1
Poland,POL,2023-07-07,119630,0
Poland,POL,2023-07-08,119630,0
Poland,POL,2023-07-09,119630,0
Poland,POL,2023-07-10,119630,0
Poland,POL,2023-07-11,119630,0
Poland,POL,2023-07-12,119632,2
Poland,POL,2023-07-13,119632,0
Poland,POL,2023-07-14,119632,0
Poland,POL,2023-07-15,119632,0
Poland,POL,2023-07-16,119632,0
Poland,POL,2023-07-17,119632,0
Poland,POL,2023-07-18,119632,0
Poland,POL,2023-07-19,119632,0
Poland,POL,2023-07-20,119632,0
Poland,POL,2023-07-21,119632,0
Poland,POL,2023-07-22,119632,0
Poland,POL,2023-07-23,119632,0
Poland,POL,2023-07-24,119632,0
Poland,POL,2023-07-25,119633,1
Poland,POL,2023-07-26,119633,0
Poland,POL,2023-07-27,119635,2
Poland,POL,2023-07-28,119635,0
Poland,POL,2023-07-29,119635,0
Poland,POL,2023-07-30,119635,0
Poland,POL,2023-07-31,119635,0
Poland,POL,2023-08-01,119635,0
Poland,POL,2023-08-02,119635,0
Poland,POL,2023-08-03,119635,0
Poland,POL,2023-08-04,119635,0
Poland,POL,2023-08-05,119635,0
Poland,POL,2023-08-06,119635,0
Poland,POL,2023-08-07,119635,0
Poland,POL,2023-08-08,119635,0
Poland,POL,2023-08-09,119635,0
Poland,POL,2023-08-10,119635,0
Poland,POL,2023-08-11,119635,0
Poland,POL,2023-08-12,119635,0
Poland,POL,2023-08-13,119635,0
Poland,POL,2023-08-14,119635,0
Poland,POL,2023-08-15,119636,1
Poland,POL,2023-08-16,119636,0
Poland,POL,2023-08-17,119636,0
Poland,POL,2023-08-18,119636,0
Poland,POL,2023-08-19,119637,1
Poland,POL,2023-08-20,119637,0
Poland,POL,2023-08-21,119637,0
Poland,POL,2023-08-22,119637,0
Poland,POL,2023-08-23,119638,1
Poland,POL,2023-08-24,119638,0
Poland,POL,2023-08-25,119638,0
Poland,POL,2023-08-26,119638,0
Poland,POL,2023-08-27,119638,0
Poland,POL,2023-08-28,119638,0
Poland,POL,2023-08-29,119638,0
Poland,POL,2023-08-30,119639,1
Poland,POL,2023-08-31,119640,1
Poland,POL,2023-09-01,119640,0
Poland,POL,2023-09-02,119640,0
Poland,POL,2023-09-03,119640,0
Poland,POL,2023-09-04,119640,0
Poland,POL,2023-09-05,119640,0
Poland,POL,2023-09-06,119641,1
Poland,POL,2023-09-07,119641,0
Poland,POL,2023-09-08,119642,1
Poland,POL,2023-09-09,119642,0
Poland,POL,2023-09-10,119642,0
Poland,POL,2023-09-11,119642,0
Poland,POL,2023-09-12,119642,0
Poland,POL,2023-09-13,119643,1
Poland,POL,2023-09-14,119643,0
Poland,POL,2023-09-15,119644,1
Poland,POL,2023-09-16,119645,1
Poland,POL,2023-09-17,119645,0
Poland,POL,2023-09-18,119645,0
Poland,POL,2023-09-19,119645,0
Poland,POL,2023-09-20,119645,0
Poland,POL,2023-09-21,119645,0
Poland,POL,2023-09-22,119646,1
Poland,POL,2023-09-23,119647,1
Poland,POL,2023-09-24,119647,0
Poland,POL,2023-09-25,119647,0
Poland,POL,2023-09-26,119651,4
Poland,POL,2023-09-27,119651,0
Poland,POL,2023-09-28,119651,0
Poland,POL,2023-09-29,119652,1
Poland,POL,2023-09-30,119654,2
Poland,POL,2023-10-01,119654,0
Poland,POL,2023-10-02,119654,0
Poland,POL,2023-10-03,119654,0
Poland,POL,2023-10-04,119654,0
Poland,POL,2023-10-05,119655,1
Poland,POL,2023-10-06,119655,0
Poland,POL,2023-10-07,119655,0
Poland,POL,2023-10-08,119655,0
Poland,POL,2023-10-09,119655,0
Poland,POL,2023-10-10,119655,0
Poland,POL,2023-10-11,119656,1
Poland,POL,2023-10-12,119656,0
Poland,POL,2023-10-13,119656,0
Poland,POL,2023-10-14,119657,1
Poland,POL,2023-10-15,119657,0
Poland,POL,2023-10-16,119657,0
Poland,POL,2023-10-17,119658,1
Poland,POL,2023-10-18,119662,4
Poland,POL,2023-10-19,119662,0
Poland,POL,2023-10-20,119662,0
Poland,POL,2023-10-21,119665,3
Poland,POL,2023-10-22,119665,0
Poland,POL,2023-10-23,119665,0
Poland,POL,2023-10-24,119665,0
Poland,POL,2023-10-25,119667,2
Poland,POL,2023-10-26,119669,2
Poland,POL,2023-10-27,119677,8
Poland,POL,2023-10-28,119686,9
Poland,POL,2023-10-29,119686,0
Poland,POL,2023-10-30,119695,9
Poland,POL,2023-10-31,119695,0
Poland,POL,2023-11-01,119695,0
Poland,POL,2023-11-02,119695,0
Poland,POL,2023-11-03,119695,0
Poland,POL,2023-11-04,119695,0
Poland,POL,2023-11-05,119695,0
Poland,POL,2023-11-06,119721,26
Poland,POL,2023-11-07,119721,0
Poland,POL,2023-11-08,119721,0
Poland,POL,2023-11-09,119721,0
Poland,POL,2023-11-10,119721,0
Poland,POL,2023-11-11,119721,0
Poland,POL,2023-11-12,119721,0
Poland,POL,2023-11-13,119745,24
Poland,POL,2023-11-14,119745,0
Poland,POL,2023-11-15,119745,0
Poland,POL,2023-11-16,119745,0
Poland,POL,2023-11-17,119745,0
Poland,POL,2023-11-18,119745,0
Poland,POL,2023-11-19,119745,0
Poland,POL,2023-11-20,119809,64
Poland,POL,2023-11-21,119809,0
Poland,POL,2023-11-22,119809,0
Poland,POL,2023-11-23,119809,0
Poland,POL,2023-11-24,119809,0
Poland,POL,2023-11-25,119809,0
Poland,POL,2023-11-26,119809,0
Poland,POL,2023-11-27,119839,30
Poland,POL,2023-11-28,119839,0
Poland,POL,2023-11-29,119839,0
Poland,POL,2023-11-30,119839,0
Poland,POL,2023-12-01,119839,0
Poland,POL,2023-12-02,119839,0
Poland,POL,2023-12-03,119839,0
Poland,POL,2023-12-04,119886,47
Poland,POL,2023-12-05,119886,0
Poland,POL,2023-12-06,119886,0
Poland,POL,2023-12-07,119886,0
Poland,POL,2023-12-08,119886,0
Poland,POL,2023-12-09,119886,0
Poland,POL,2023-12-10,119886,0
Poland,POL,2023-12-11,120018,132
Poland,POL,2023-12-12,120018,0
Poland,POL,2023-12-13,120018,0
Poland,POL,2023-12-14,120018,0
Poland,POL,2023-12-15,120018,0
Poland,POL,2023-12-16,120018,0
Poland,POL,2023-12-17,120018,0
Poland,POL,2023-12-18,120159,141
Poland,POL,2023-12-19,120159,0
Poland,POL,2023-12-20,120159,0
Poland,POL,2023-12-21,120159,0
Poland,POL,2023-12-22,120159,0
Poland,POL,2023-12-23,120159,0
Poland,POL,2023-12-24,120159,0
Poland,POL,2023-12-25,120238,79
Poland,POL,2023-12-26,120238,0
Poland,POL,2023-12-27,120238,0
Poland,POL,2023-12-28,120238,0
Poland,POL,2023-12-29,120238,0
Poland,POL,2023-12-30,120238,0
Poland,POL,2023-12-31,120238,0
Poland,POL,2024-01-01,120429,191
Poland,POL,2024-01-02,120429,0
Poland,POL,2024-01-03,120429,0
Poland,POL,2024-01-04,120429,0
Poland,POL,2024-01-05,120429,0
Poland,POL,2024-01-06,120429,0
Poland,POL,2024-01-07,120429,0
Poland,POL,2024-01-08,120497,68
Poland,POL,2024-01-09,120497,0
Poland,POL,2024-01-10,120497,0
Poland,POL,2024-01-11,120497,0
Poland,POL,2024-01-12,120497,0
Poland,POL,2024-01-13,120497,0
Poland,POL,2024-01-14,120497,0
Poland,POL,2024-01-15,120550,53
Poland,POL,2024-01-16,120550,0
Poland,POL,2024-01-17,120550,0
Poland,POL,2024-01-18,120550,0
Poland,POL,2024-01-19,120550,0
Poland,POL,2024-01-20,120550,0
Poland,POL,2024-01-21,120550,0
Poland,POL,2024-01-22,120577,27
Poland,POL,2024-01-23,120577,0
Poland,POL,2024-01-24,120577,0
Poland,POL,2024-01-25,120577,0
Poland,POL,2024-01-26,120577,0
Poland,POL,2024-01-27,120577,0
Poland,POL,2024-01-28,120577,0
Poland,POL,2024-01-29,120618,41
Poland,POL,2024-01-30,120618,0
Poland,POL,2024-01-31,120618,0
Poland,POL,2024-02-01,120618,0
Poland,POL,2024-02-02,120618,0
Poland,POL,2024-02-03,120618,0
Poland,POL,2024-02-04,120618,0
Poland,POL,2024-02-05,120642,24
Poland,POL,2024-02-06,120642,0
Poland,POL,2024-02-07,120642,0
Poland,POL,2024-02-08,120642,0
Poland,POL,2024-02-09,120642,0
Poland,POL,2024-02-10,120642,0
Poland,POL,2024-02-11,120642,0
Poland,POL,2024-02-12,120665,23
Poland,POL,2024-02-13,120665,0
Poland,POL,2024-02-14,120665,0
Poland,POL,2024-02-15,120665,0
Poland,POL,2024-02-16,120665,0
Poland,POL,2024-02-17,120665,0
Poland,POL,2024-02-18,120665,0
Poland,POL,2024-02-19,120677,12
Poland,POL,2024-02-20,120677,0
Poland,POL,2024-02-21,120677,0
Poland,POL,2024-02-22,120677,0
Poland,POL,2024-02-23,120677,0
Poland,POL,2024-02-24,120677,0
Poland,POL,2024-02-25,120677,0
Poland,POL,2024-02-26,120687,10
Poland,POL,2024-02-27,120687,0
Poland,POL,2024-02-28,120687,0
Poland,POL,2024-02-29,120687,0
Poland,POL,2024-03-01,120687,0
Poland,POL,2024-03-02,120687,0
Poland,POL,2024-03-03,120687,0
Poland,POL,2024-03-04,120690,3
Poland,POL,2024-03-05,120690,0
Poland,POL,2024-03-06,120690,0
Poland,POL,2024-03-07,120690,0
Poland,POL,2024-03-08,120690,0
Poland,POL,2024-03-09,120690,0
Poland,POL,2024-03-10,120690,0
Poland,POL,2024-03-11,120701,11
Poland,POL,2024-03-12,120701,0
Poland,POL,2024-03-13,120701,0
Poland,POL,2024-03-14,120701,0
Poland,POL,2024-03-15,120701,0
Poland,POL,2024-03-16,120701,0
Poland,POL,2024-03-17,120701,0
Poland,POL,2024-03-18,120706,5
Poland,POL,2024-03-19,120706,0
Poland,POL,2024-03-20,120706,0
Poland,POL,2024-03-21,120706,0
Poland,POL,2024-03-22,120706,0
Poland,POL,2024-03-23,120706,0
Poland,POL,2024-03-24,120706,0
Poland,POL,2024-03-25,120706,0
Poland,POL,2024-03-26,120706,0
Poland,POL,2024-03-27,120706,0
Poland,POL,2024-03-28,120706,0
Poland,POL,2024-03-29,120706,0
Poland,POL,2024-03-30,120706,0
Poland,POL,2024-03-31,120706,0
Poland,POL,2024-04-01,120707,1
Poland,POL,2024-04-02,120707,0
Poland,POL,2024-04-03,120707,0
Poland,POL,2024-04-04,120707,0
Poland,POL,2024-04-05,120707,0
Poland,POL,2024-04-06,120707,0
Poland,POL,2024-04-07,120707,0
Poland,POL,2024-04-08,120709,2
Poland,POL,2024-04-09,120709,0
Poland,POL,2024-04-10,120709,0
Poland,POL,2024-04-11,120709,0
Poland,POL,2024-04-12,120709,0
Poland,POL,2024-04-13,120709,0
Poland,POL,2024-04-14,120709,0
Poland,POL,2024-04-15,120709,0
Poland,POL,2024-04-16,120709,0
Poland,POL,2024-04-17,120709,0
Poland,POL,2024-04-18,120709,0
Poland,POL,2024-04-19,120709,0
Poland,POL,2024-04-20,120709,0
Poland,POL,2024-04-21,120709,0
Poland,POL,2024-04-22,120711,2
Poland,POL,2024-04-23,120711,0
Poland,POL,2024-04-24,120711,0
Poland,POL,2024-04-25,120711,0
Poland,POL,2024-04-26,120711,0
Poland,POL,2024-04-27,120711,0
Poland,POL,2024-04-28,120711,0
Poland,POL,2024-04-29,120711,0
Poland,POL,2024-04-30,120711,0
Poland,POL,2024-05-01,120711,0
Poland,POL,2024-05-02,120711,0
Poland,POL,2024-05-03,120711,0
Poland,POL,2024-05-04,120711,0
Poland,POL,2024-05-05,120711,0
Poland,POL,2024-05-06,120711,0
Poland,POL,2024-05-07,120711,0
Poland,POL,2024-05-08,120711,0
Poland,POL,2024-05-09,120711,0
Poland,POL,2024-05-10,120711,0
Poland,POL,2024-05-11,120711,0
Poland,POL,2024-05-12,120711,0
Poland,POL,2024-05-13,120711,0
Poland,POL,2024-05-14,120711,0
Poland,POL,2024-05-15,120711,0
Poland,POL,2024-05-16,120711,0
Poland,POL,2024-05-17,120711,0
Poland,POL,2024-05-18,120711,0
Poland,POL,2024-05-19,120711,0
Poland,POL,2024-05-20,120711,0
Poland,POL,2024-05-21,120711,0
Poland,POL,2024-05-22,120711,0
Poland,POL,2024-05-23,120711,0
Poland,POL,2024-05-24,120711,0
Poland,POL,2024-05-25,120711,0
Poland,POL,2024-05-26,120711,0
Poland,POL,2024-05-27,120711,0
Poland,POL,2024-05-28,120711,0
Poland,POL,2024-05-29,120711,0
Poland,POL,2024-05-30,120711,0
Poland,POL,2024-05-31,120711,0
Poland,POL,2024-06-01,120711,0
Poland,POL,2024-06-02,120711,0
Poland,POL,2024-06-03,120712,1
Poland,POL,2024-06-04,120712,0
Poland,POL,2024-06-05,120712,0
Poland,POL,2024-06-06,120712,0
Poland,POL,2024-06-07,120712,0
Poland,POL,2024-06-08,120712,0
Poland,POL,2024-06-09,120712,0
Poland,POL,2024-06-10,120713,1
Poland,POL,2024-06-11,120713,0
Poland,POL,2024-06-12,120713,0
Poland,POL,2024-06-13,120713,0
Poland,POL,2024-06-14,120713,0
Poland,POL,2024-06-15,120713,0
Poland,POL,2024-06-16,120713,0
Poland,POL,2024-06-17,120713,0
Poland,POL,2024-06-18,120713,0
Poland,POL,2024-06-19,120713,0
Poland,POL,2024-06-20,120713,0
Poland,POL,2024-06-21,120713,0
Poland,POL,2024-06-22,120713,0
Poland,POL,2024-06-23,120713,0
Poland,POL,2024-06-24,120715,2
Poland,POL,2024-06-25,120715,0
Poland,POL,2024-06-26,120715,0
Poland,POL,2024-06-27,120715,0
Poland,POL,2024-06-28,120715,0
Poland,POL,2024-06-29,120715,0
Poland,POL,2024-06-30,120715,0
Poland,POL,2024-07-01,120717,2
Poland,POL,2024-07-02,120717,0
Poland,POL,2024-07-03,120717,0
Poland,POL,2024-07-04,120717,0
Poland,POL,2024-07-05,120717,0
Poland,POL,2024-07-06,120717,0
Poland,POL,2024-07-07,120717,0
Poland,POL,2024-07-08,120718,1
Poland,POL,2024-07-09,120718,0
Poland,POL,2024-07-10,120718,0
Poland,POL,2024-07-11,120718,0
Poland,POL,2024-07-12,120718,0
Poland,POL,2024-07-13,120718,0
Poland,POL,2024-07-14,120718,0
Poland,POL,2024-07-15,120718,0
Poland,POL,2024-07-16,120718,0
Poland,POL,2024-07-17,120718,0
Poland,POL,2024-07-18,120718,0
Poland,POL,2024-07-19,120718,0
Poland,POL,2024-07-20,120718,0
Poland,POL,2024-07-21,120718,0
Poland,POL,2024-07-22,120722,4
Poland,POL,2024-07-23,120722,0
Poland,POL,2024-07-24,120722,0
Poland,POL,2024-07-25,120722,0
Poland,POL,2024-07-26,120722,0
Poland,POL,2024-07-27,120722,0
Poland,POL,2024-07-28,120722,0
Poland,POL,2024-07-29,120726,4
Poland,POL,2024-07-30,120726,0
Poland,POL,2024-07-31,120726,0
Poland,POL,2024-08-01,120726,0
Poland,POL,2024-08-02,120726,0
Poland,POL,2024-08-03,120726,0
Poland,POL,2024-08-04,120726,0
Poland,POL,2024-08-05,120734,8
Poland,POL,2024-08-06,120734,0
Poland,POL,2024-08-07,120734,0
Poland,POL,2024-08-08,120734,0
Poland,POL,2024-08-09,120734,0
Poland,POL,2024-08-10,120734,0
Poland,POL,2024-08-11,120734,0
Poland,POL,2024-08-12,120742,8
Poland,POL,2024-08-13,120742,0
Poland,POL,2024-08-14,120742,0
Poland,POL,2024-08-15,120742,0
Poland,POL,2024-08-16,120742,0
Poland,POL,2024-08-17,120742,0
Poland,POL,2024-08-18,120742,0
Poland,POL,2024-08-19,120757,15
Poland,POL,2024-08-20,120757,0
Poland,POL,2024-08-21,120757,0
Poland,POL,2024-08-22,120757,0
Poland,POL,2024-08-23,120757,0
Poland,POL,2024-08-24,120757,0
Poland,POL,2024-08-25,120757,0
Poland,POL,2024-08-26,120775,18
Poland,POL,2024-08-27,120775,0
Poland,POL,2024-08-28,120775,0
Poland,POL,2024-08-29,120775,0
Poland,POL,2024-08-30,120775,0
Poland,POL,2024-08-31,120775,0
Poland,POL,2024-09-01,120775,0
Poland,POL,2024-09-02,120792,17
Poland,POL,2024-09-03,120792,0
Poland,POL,2024-09-04,120792,0
Poland,POL,2024-09-05,120792,0
Poland,POL,2024-09-06,120792,0
Poland,POL,2024-09-07,120792,0
Poland,POL,2024-09-08,120792,0
Poland,POL,2024-09-09,120809,17
Poland,POL,2024-09-10,120809,0
Poland,POL,2024-09-11,120809,0
Poland,POL,2024-09-12,120809,0
Poland,POL,2024-09-13,120809,0
Poland,POL,2024-09-14,120809,0
Poland,POL,2024-09-15,120809,0
Poland,POL,2024-09-16,120816,7
Poland,POL,2024-09-17,120816,0
Poland,POL,2024-09-18,120816,0
Poland,POL,2024-09-19,120816,0
Poland,POL,2024-09-20,120816,0
Poland,POL,2024-09-21,120816,0
Poland,POL,2024-09-22,120816,0
Poland,POL,2024-09-23,120829,13
Poland,POL,2024-09-24,120829,0
Poland,POL,2024-09-25,120829,0
Poland,POL,2024-09-26,120829,0
Poland,POL,2024-09-27,120829,0
Poland,POL,2024-09-28,120829,0
Poland,POL,2024-09-29,120829,0
Poland,POL,2024-09-30,120844,15
Poland,POL,2024-10-01,120844,0
Poland,POL,2024-10-02,120844,0
Poland,POL,2024-10-03,120844,0
Poland,POL,2024-10-04,120844,0
Poland,POL,2024-10-05,120844,0
Poland,POL,2024-10-06,120844,0
Poland,POL,2024-10-07,120854,10
Poland,POL,2024-10-08,120854,0
Poland,POL,2024-10-09,120854,0
Poland,POL,2024-10-10,120854,0
Poland,POL,2024-10-11,120854,0
Poland,POL,2024-10-12,120854,0
Poland,POL,2024-10-13,120854,0
Poland,POL,2024-10-14,120875,21
Poland,POL,2024-10-15,120875,0
Poland,POL,2024-10-16,120875,0
Poland,POL,2024-10-17,120875,0
Poland,POL,2024-10-18,120875,0
Poland,POL,2024-10-19,120875,0
Poland,POL,2024-10-20,120875,0
Poland,POL,2024-10-21,120897,22
Poland,POL,2024-10-22,120897,0
Poland,POL,2024-10-23,120897,0
Poland,POL,2024-10-24,120897,0
Poland,POL,2024-10-25,120897,0
Poland,POL,2024-10-26,120897,0
Poland,POL,2024-10-27,120897,0
Poland,POL,2024-10-28,120910,13
Poland,POL,2024-10-29,120910,0
Poland,POL,2024-10-30,120910,0
Poland,POL,2024-10-31,120910,0
Poland,POL,2024-11-01,120910,0
Poland,POL,2024-11-02,120910,0
Poland,POL,2024-11-03,120910,0
Poland,POL,2024-11-04,120923,13
Poland,POL,2024-11-05,120923,0
Poland,POL,2024-11-06,120923,0
Poland,POL,2024-11-07,120923,0
Poland,POL,2024-11-08,120923,0
Poland,POL,2024-11-09,120923,0
Poland,POL,2024-11-10,120923,0
Poland,POL,2024-11-11,120938,15
Poland,POL,2024-11-12,120938,0
Poland,POL,2024-11-13,120938,0
Poland,POL,2024-11-14,120938,0
Poland,POL,2024-11-15,120938,0
Poland,POL,2024-11-16,120938,0
Poland,POL,2024-11-17,120938,0
Poland,POL,2024-11-18,120947,9
Poland,POL,2024-11-19,120947,0
Poland,POL,2024-11-20,120947,0
Poland,POL,2024-11-21,120947,0
Poland,POL,2024-11-22,120947,0
Poland,POL,2024-11-23,120947,0
Poland,POL,2024-11-24,120947,0
Poland,POL,2024-11-25,120955,8
Poland,POL,2024-11-26,120955,0
Poland,POL,2024-11-27,120955,0
Poland,POL,2024-11-28,120955,0
Poland,POL,2024-11-29,120955,0
Poland,POL,2024-11-30,120955,0
Poland,POL,2024-12-01,120955,0
Poland,POL,2024-12-02,120962,7
Poland,POL,2024-12-03,120962,0
Poland,POL,2024-12-04,120962,0
Poland,POL,2024-12-05,120962,0
Poland,POL,2024-12-06,120962,0
Poland,POL,2024-12-07,120962,0
Poland,POL,2024-12-08,120962,0
Poland,POL,2024-12-09,120967,5
Poland,POL,2024-12-10,120967,0
Poland,POL,2024-12-11,120967,0
Poland,POL,2024-12-12,120967,0
Poland,POL,2024-12-13,120967,0
Poland,POL,2024-12-14,120967,0
Poland,POL,2024-12-15,120967,0
Poland,POL,2024-12-16,120971,4
Poland,POL,2024-12-17,120971,0
Poland,POL,2024-12-18,120971,0
Poland,POL,2024-12-19,120971,0
Poland,POL,2024-12-20,120971,0
Poland,POL,2024-12-21,120971,0
Poland,POL,2024-12-22,120971,0
Poland,POL,2024-12-23,120973,2
Poland,POL,2024-12-24,120973,0
Poland,POL,2024-12-25,120973,0
Poland,POL,2024-12-26,120973,0
Poland,POL,2024-12-27,120973,0
Poland,POL,2024-12-28,120973,0
Poland,POL,2024-12-29,120973,0
Poland,POL,2024-12-30,120976,3
Poland,POL,2024-12-31,120976,0
Poland,POL,2025-01-01,120976,0
Poland,POL,2025-01-02,120976,0
Poland,POL,2025-01-03,120976,0
Poland,POL,2025-01-04,120976,0
Poland,POL,2025-01-05,120976,0
Poland,POL,2025-01-06,120980,4
Poland,POL,2025-01-07,120980,0
Poland,POL,2025-01-08,120980,0
Poland,POL,2025-01-09,120980,0
Poland,POL,2025-01-10,120980,0
Poland,POL,2025-01-11,120980,0
Poland,POL,2025-01-12,120980,0
Poland,POL,2025-01-13,120985,5
Poland,POL,2025-01-14,120985,0
Poland,POL,2025-01-15,120985,0
Poland,POL,2025-01-16,120985,0
Poland,POL,2025-01-17,120985,0
Poland,POL,2025-01-18,120985,0
Poland,POL,2025-01-19,120985,0
Poland,POL,2025-01-20,120988,3
Poland,POL,2025-01-21,120988,0
Poland,POL,2025-01-22,120988,0
Poland,POL,2025-01-23,120988,0
Poland,POL,2025-01-24,120988,0
Poland,POL,2025-01-25,120988,0
Poland,POL,2025-01-26,120988,0
Poland,POL,2025-01-27,120990,2
Poland,POL,2025-01-28,120990,0
Poland,POL,2025-01-29,120990,0
Poland,POL,2025-01-30,120990,0
Poland,POL,2025-01-31,120990,0
Poland,POL,2025-02-01,120990,0
Poland,POL,2025-02-02,120990,0
Poland,POL,2025-02-03,120995,5
Poland,POL,2025-02-04,120995,0
Poland,POL,2025-02-05,120995,0
Poland,POL,2025-02-06,120995,0
Poland,POL,2025-02-07,120995,0
Poland,POL,2025-02-08,120995,0
Poland,POL,2025-02-09,120995,0
Poland,POL,2025-02-10,121000,5
Poland,POL,2025-02-11,121000,0
Poland,POL,2025-02-12,121000,0
Poland,POL,2025-02-13,121000,0
Poland,POL,2025-02-14,121000,0
Poland,POL,2025-02-15,121000,0
Poland,POL,2025-02-16,121000,0
Poland,POL,2025-02-17,121006,6
Poland,POL,2025-02-18,121006,0
Poland,POL,2025-02-19,121006,0
Poland,POL,2025-02-20,121006,0
Poland,POL,2025-02-21,121006,0
Poland,POL,2025-02-22,121006,0
Poland,POL,2025-02-23,121006,0
Poland,POL,2025-02-24,121009,3
Poland,POL,2025-02-25,121009,0
Poland,POL,2025-02-26,121009,0
Poland,POL,2025-02-27,121009,0
Poland,POL,2025-02-28,121009,0
Poland,POL,2025-03-01,121009,0
Poland,POL,2025-03-02,121009,0
Poland,POL,2025-03-03,121011,2
Poland,POL,2025-03-04,121011,0
Poland,POL,2025-03-05,121011,0
Poland,POL,2025-03-06,121011,0
Poland,POL,2025-03-07,121011,0
Poland,POL,2025-03-08,121011,0
Poland,POL,2025-03-09,121011,0
Poland,POL,2025-03-10,121013,2
Poland,POL,2025-03-11,121013,0
Poland,POL,2025-03-12,121013,0
Poland,POL,2025-03-13,121013,0
Poland,POL,2025-03-14,121013,0
Poland,POL,2025-03-15,121013,0
Poland,POL,2025-03-16,121013,0
Poland,POL,2025-03-17,121015,2
Poland,POL,2025-03-18,121015,0
Poland,POL,2025-03-19,121015,0
Poland,POL,2025-03-20,121015,0
Poland,POL,2025-03-21,121015,0
Poland,POL,2025-03-22,121015,0
Poland,POL,2025-03-23,121015,0
Poland,POL,2025-03-24,121017,2
Poland,POL,2025-03-25,121017,0
Poland,POL,2025-03-26,121017,0
Poland,POL,2025-03-27,121017,0
Poland,POL,2025-03-28,121017,0
Poland,POL,2025-03-29,121017,0
Poland,POL,2025-03-30,121017,0
Poland,POL,2025-03-31,121019,2
Poland,POL,2025-04-01,121019,0
Poland,POL,2025-04-02,121019,0
Poland,POL,2025-04-03,121019,0
Poland,POL,2025-04-04,121019,0
Poland,POL,2025-04-05,121019,0
Poland,POL,2025-04-06,121019,0
Poland,POL,2025-04-07,121019,0
Poland,POL,2025-04-08,121019,0
Poland,POL,2025-04-09,121019,0
Poland,POL,2025-04-10,121019,0
Poland,POL,2025-04-11,121019,0
Poland,POL,2025-04-12,121019,0
Poland,POL,2025-04-13,121019,0
Poland,POL,2025-04-14,121020,1
Poland,POL,2025-04-15,121020,0
Poland,POL,2025-04-16,121020,0
Poland,POL,2025-04-17,121020,0
Poland,POL,2025-04-18,121020,0
Poland,POL,2025-04-19,121020,0
Poland,POL,2025-04-20,121020,0
Poland,POL,2025-04-21,121022,2
Poland,POL,2025-04-22,121022,0
Poland,POL,2025-04-23,121022,0
Poland,POL,2025-04-24,121022,0
Poland,POL,2025-04-25,121022,0
Poland,POL,2025-04-26,121022,0
Poland,POL,2025-04-27,121022,0
Poland,POL,2025-04-28,121022,0
Poland,POL,2025-04-29,121022,0
Poland,POL,2025-04-30,121022,0
Poland,POL,2025-05-01,121022,0
Poland,POL,2025-05-02,121022,0
Poland,POL,2025-05-03,121022,0
Poland,POL,2025-05-04,121022,0
Poland,POL,2025-05-05,121023,1
Poland,POL,2025-05-06,121023,0
Poland,POL,2025-05-07,121023,0
Poland,POL,2025-05-08,121023,0
Poland,POL,2025-05-09,121023,0
Poland,POL,2025-05-10,121023,0
Poland,POL,2025-05-11,121023,0